idx_a,idx_b,distancia_dhash,classe_a,classe_b,caminho_a,caminho_b,cross_class
275,1269,3,fake,fake,/home/guilhermemathiasreis/Documents/synthetic-face-detection/training/dataset/fake/1062_stylegan3.jpg,/home/guilhermemathiasreis/Documents/synthetic-face-detection/training/dataset/fake/1287_sd_21.jpg,False
3326,4879,4,fake,fake,/home/guilhermemathiasreis/Documents/synthetic-face-detection/training/dataset/fake/174_stylegan2.jpg,/home/guilhermemathiasreis/Documents/synthetic-face-detection/training/dataset/fake/298_stylegan3.jpg,False
2751,9403,3,fake,real,/home/guilhermemathiasreis/Documents/synthetic-face-detection/training/dataset/fake/161_stylegan3.jpg,/home/guilhermemathiasreis/Documents/synthetic-face-detection/training/dataset/real/1632_ffhq.jpg,True
954,8632,4,fake,real,/home/guilhermemathiasreis/Documents/synthetic-face-detection/training/dataset/fake/1215_stylegan2.jpg,/home/guilhermemathiasreis/Documents/synthetic-face-detection/training/dataset/real/1286_celebhq.jpg,True
7301,7730,4,fake,fake,/home/guilhermemathiasreis/Documents/synthetic-face-detection/training/dataset/fake/843_sd_21.jpg,/home/guilhermemathiasreis/Documents/synthetic-face-detection/training/dataset/fake/93_stylegan2.jpg,False
7099,7547,3,fake,fake,/home/guilhermemathiasreis/Documents/synthetic-face-detection/training/dataset/fake/798_stylegan3.jpg,/home/guilhermemathiasreis/Documents/synthetic-face-detection/training/dataset/fake/899_stylegan3.jpg,False
6527,7943,2,fake,fake,/home/guilhermemathiasreis/Documents/synthetic-face-detection/training/dataset/fake/669_stylegan3.jpg,/home/guilhermemathiasreis/Documents/synthetic-face-detection/training/dataset/fake/988_stylegan3.jpg,False
446,11410,4,fake,real,/home/guilhermemathiasreis/Documents/synthetic-face-detection/training/dataset/fake/1100_stylegan2.jpg,/home/guilhermemathiasreis/Documents/synthetic-face-detection/training/dataset/real/2975_ffhq.jpg,True
3656,7217,4,fake,fake,/home/guilhermemathiasreis/Documents/synthetic-face-detection/training/dataset/fake/1824_sd_14.jpg,/home/guilhermemathiasreis/Documents/synthetic-face-detection/training/dataset/fake/824_sd_21.jpg,False
4347,15194,4,fake,real,/home/guilhermemathiasreis/Documents/synthetic-face-detection/training/dataset/fake/197_stylegan3.jpg,/home/guilhermemathiasreis/Documents/synthetic-face-detection/training/dataset/real/638_celebhq.jpg,True
491,7730,4,fake,fake,/home/guilhermemathiasreis/Documents/synthetic-face-detection/training/dataset/fake/1110_stylegan3.jpg,/home/guilhermemathiasreis/Documents/synthetic-face-detection/training/dataset/fake/93_stylegan2.jpg,False
4486,7254,4,fake,fake,/home/guilhermemathiasreis/Documents/synthetic-face-detection/training/dataset/fake/209_stylegan2.jpg,/home/guilhermemathiasreis/Documents/synthetic-face-detection/training/dataset/fake/832_stylegan2.jpg,False
3579,11921,3,fake,real,/home/guilhermemathiasreis/Documents/synthetic-face-detection/training/dataset/fake/1806_stylegan3.jpg,/home/guilhermemathiasreis/Documents/synthetic-face-detection/training/dataset/real/3392_ffhq.jpg,True
2751,15942,3,fake,real,/home/guilhermemathiasreis/Documents/synthetic-face-detection/training/dataset/fake/161_stylegan3.jpg,/home/guilhermemathiasreis/Documents/synthetic-face-detection/training/dataset/real/975_celebhq.jpg,True
4332,7600,3,fake,fake,/home/guilhermemathiasreis/Documents/synthetic-face-detection/training/dataset/fake/1977_sd_14.jpg,/home/guilhermemathiasreis/Documents/synthetic-face-detection/training/dataset/fake/910_sd_14.jpg,False
655,3770,4,fake,fake,/home/guilhermemathiasreis/Documents/synthetic-face-detection/training/dataset/fake/1148_stylegan3.jpg,/home/guilhermemathiasreis/Documents/synthetic-face-detection/training/dataset/fake/184_stylegan2.jpg,False
363,6752,4,fake,fake,/home/guilhermemathiasreis/Documents/synthetic-face-detection/training/dataset/fake/1082_stylegan3.jpg,/home/guilhermemathiasreis/Documents/synthetic-face-detection/training/dataset/fake/71_sd_14.jpg,False
523,11147,4,fake,real,/home/guilhermemathiasreis/Documents/synthetic-face-detection/training/dataset/fake/1118_stylegan3.jpg,/home/guilhermemathiasreis/Documents/synthetic-face-detection/training/dataset/real/275_celebhq.jpg,True
5,15343,4,fake,real,/home/guilhermemathiasreis/Documents/synthetic-face-detection/training/dataset/fake/1001_sd_21.jpg,/home/guilhermemathiasreis/Documents/synthetic-face-detection/training/dataset/real/704_ffhq.jpg,True
5064,5752,3,fake,fake,/home/guilhermemathiasreis/Documents/synthetic-face-detection/training/dataset/fake/33_sd_14.jpg,/home/guilhermemathiasreis/Documents/synthetic-face-detection/training/dataset/fake/495_sd_14.jpg,False
15824,15942,4,real,real,/home/guilhermemathiasreis/Documents/synthetic-face-detection/training/dataset/real/921_celebhq.jpg,/home/guilhermemathiasreis/Documents/synthetic-face-detection/training/dataset/real/975_celebhq.jpg,False
1607,4278,4,fake,fake,/home/guilhermemathiasreis/Documents/synthetic-face-detection/training/dataset/fake/1362_stylegan3.jpg,/home/guilhermemathiasreis/Documents/synthetic-face-detection/training/dataset/fake/1964_stylegan2.jpg,False
363,4882,3,fake,fake,/home/guilhermemathiasreis/Documents/synthetic-face-detection/training/dataset/fake/1082_stylegan3.jpg,/home/guilhermemathiasreis/Documents/synthetic-face-detection/training/dataset/fake/299_stylegan2.jpg,False
4205,4345,4,fake,fake,/home/guilhermemathiasreis/Documents/synthetic-face-detection/training/dataset/fake/1948_sd_21.jpg,/home/guilhermemathiasreis/Documents/synthetic-face-detection/training/dataset/fake/197_sd_21.jpg,False
631,7409,4,fake,fake,/home/guilhermemathiasreis/Documents/synthetic-face-detection/training/dataset/fake/1142_stylegan3.jpg,/home/guilhermemathiasreis/Documents/synthetic-face-detection/training/dataset/fake/868_sd_21.jpg,False
3586,11067,4,fake,real,/home/guilhermemathiasreis/Documents/synthetic-face-detection/training/dataset/fake/1808_stylegan2.jpg,/home/guilhermemathiasreis/Documents/synthetic-face-detection/training/dataset/real/2694_ffhq.jpg,True
7065,9970,4,fake,real,/home/guilhermemathiasreis/Documents/synthetic-face-detection/training/dataset/fake/790_sd_21.jpg,/home/guilhermemathiasreis/Documents/synthetic-face-detection/training/dataset/real/1889_celebhq.jpg,True
4401,7941,4,fake,fake,/home/guilhermemathiasreis/Documents/synthetic-face-detection/training/dataset/fake/1992_sd_21.jpg,/home/guilhermemathiasreis/Documents/synthetic-face-detection/training/dataset/fake/988_sd_21.jpg,False
9088,11097,4,real,real,/home/guilhermemathiasreis/Documents/synthetic-face-detection/training/dataset/real/1491_celebhq.jpg,/home/guilhermemathiasreis/Documents/synthetic-face-detection/training/dataset/real/2718_ffhq.jpg,False
1269,4159,3,fake,fake,/home/guilhermemathiasreis/Documents/synthetic-face-detection/training/dataset/fake/1287_sd_21.jpg,/home/guilhermemathiasreis/Documents/synthetic-face-detection/training/dataset/fake/1937_stylegan3.jpg,False
3426,4347,4,fake,fake,/home/guilhermemathiasreis/Documents/synthetic-face-detection/training/dataset/fake/1772_stylegan2.jpg,/home/guilhermemathiasreis/Documents/synthetic-face-detection/training/dataset/fake/197_stylegan3.jpg,False
3522,5695,3,fake,fake,/home/guilhermemathiasreis/Documents/synthetic-face-detection/training/dataset/fake/1794_stylegan2.jpg,/home/guilhermemathiasreis/Documents/synthetic-face-detection/training/dataset/fake/481_stylegan3.jpg,False
491,6527,2,fake,fake,/home/guilhermemathiasreis/Documents/synthetic-face-detection/training/dataset/fake/1110_stylegan3.jpg,/home/guilhermemathiasreis/Documents/synthetic-face-detection/training/dataset/fake/669_stylegan3.jpg,False
5266,8480,4,fake,real,/home/guilhermemathiasreis/Documents/synthetic-face-detection/training/dataset/fake/385_stylegan2.jpg,/home/guilhermemathiasreis/Documents/synthetic-face-detection/training/dataset/real/1217_celebhq.jpg,True
4947,13429,3,fake,real,/home/guilhermemathiasreis/Documents/synthetic-face-detection/training/dataset/fake/312_stylegan3.jpg,/home/guilhermemathiasreis/Documents/synthetic-face-detection/training/dataset/real/4626_ffhq.jpg,True
4089,5370,4,fake,fake,/home/guilhermemathiasreis/Documents/synthetic-face-detection/training/dataset/fake/1921_sd_21.jpg,/home/guilhermemathiasreis/Documents/synthetic-face-detection/training/dataset/fake/408_stylegan2.jpg,False
1961,15297,4,fake,real,/home/guilhermemathiasreis/Documents/synthetic-face-detection/training/dataset/fake/1442_sd_21.jpg,/home/guilhermemathiasreis/Documents/synthetic-face-detection/training/dataset/real/684_ffhq.jpg,True
2809,4447,4,fake,fake,/home/guilhermemathiasreis/Documents/synthetic-face-detection/training/dataset/fake/1633_sd_21.jpg,/home/guilhermemathiasreis/Documents/synthetic-face-detection/training/dataset/fake/2000_stylegan3.jpg,False
482,4603,3,fake,fake,/home/guilhermemathiasreis/Documents/synthetic-face-detection/training/dataset/fake/1109_stylegan2.jpg,/home/guilhermemathiasreis/Documents/synthetic-face-detection/training/dataset/fake/235_stylegan3.jpg,False
9240,15194,3,real,real,/home/guilhermemathiasreis/Documents/synthetic-face-detection/training/dataset/real/155_celebhq.jpg,/home/guilhermemathiasreis/Documents/synthetic-face-detection/training/dataset/real/638_celebhq.jpg,False
2293,4802,2,fake,fake,/home/guilhermemathiasreis/Documents/synthetic-face-detection/training/dataset/fake/1517_sd_21.jpg,/home/guilhermemathiasreis/Documents/synthetic-face-detection/training/dataset/fake/280_stylegan2.jpg,False
4803,15439,4,fake,real,/home/guilhermemathiasreis/Documents/synthetic-face-detection/training/dataset/fake/280_stylegan3.jpg,/home/guilhermemathiasreis/Documents/synthetic-face-detection/training/dataset/real/748_ffhq.jpg,True
4506,6882,4,fake,fake,/home/guilhermemathiasreis/Documents/synthetic-face-detection/training/dataset/fake/213_stylegan2.jpg,/home/guilhermemathiasreis/Documents/synthetic-face-detection/training/dataset/fake/749_stylegan2.jpg,False
949,6224,4,fake,fake,/home/guilhermemathiasreis/Documents/synthetic-face-detection/training/dataset/fake/1214_sd_21.jpg,/home/guilhermemathiasreis/Documents/synthetic-face-detection/training/dataset/fake/600_sd_14.jpg,False
2902,5882,3,fake,fake,/home/guilhermemathiasreis/Documents/synthetic-face-detection/training/dataset/fake/1654_stylegan2.jpg,/home/guilhermemathiasreis/Documents/synthetic-face-detection/training/dataset/fake/523_stylegan2.jpg,False
5858,15053,4,fake,real,/home/guilhermemathiasreis/Documents/synthetic-face-detection/training/dataset/fake/518_stylegan2.jpg,/home/guilhermemathiasreis/Documents/synthetic-face-detection/training/dataset/real/5956_ffhq.jpg,True
15174,15824,4,real,real,/home/guilhermemathiasreis/Documents/synthetic-face-detection/training/dataset/real/629_celebhq.jpg,/home/guilhermemathiasreis/Documents/synthetic-face-detection/training/dataset/real/921_celebhq.jpg,False
5619,5889,2,fake,fake,/home/guilhermemathiasreis/Documents/synthetic-face-detection/training/dataset/fake/464_stylegan3.jpg,/home/guilhermemathiasreis/Documents/synthetic-face-detection/training/dataset/fake/525_sd_21.jpg,False
3711,5039,4,fake,fake,/home/guilhermemathiasreis/Documents/synthetic-face-detection/training/dataset/fake/1836_stylegan3.jpg,/home/guilhermemathiasreis/Documents/synthetic-face-detection/training/dataset/fake/333_stylegan3.jpg,False
1083,5887,4,fake,fake,/home/guilhermemathiasreis/Documents/synthetic-face-detection/training/dataset/fake/1244_stylegan3.jpg,/home/guilhermemathiasreis/Documents/synthetic-face-detection/training/dataset/fake/524_stylegan3.jpg,False
5839,13799,4,fake,real,/home/guilhermemathiasreis/Documents/synthetic-face-detection/training/dataset/fake/513_stylegan3.jpg,/home/guilhermemathiasreis/Documents/synthetic-face-detection/training/dataset/real/492_celebhq.jpg,True
253,11258,4,fake,real,/home/guilhermemathiasreis/Documents/synthetic-face-detection/training/dataset/fake/1058_sd_21.jpg,/home/guilhermemathiasreis/Documents/synthetic-face-detection/training/dataset/real/284_ffhq.jpg,True
949,15828,4,fake,real,/home/guilhermemathiasreis/Documents/synthetic-face-detection/training/dataset/fake/1214_sd_21.jpg,/home/guilhermemathiasreis/Documents/synthetic-face-detection/training/dataset/real/923_celebhq.jpg,True
1788,6144,3,fake,fake,/home/guilhermemathiasreis/Documents/synthetic-face-detection/training/dataset/fake/1403_sd_14.jpg,/home/guilhermemathiasreis/Documents/synthetic-face-detection/training/dataset/fake/583_sd_14.jpg,False
391,596,4,fake,fake,/home/guilhermemathiasreis/Documents/synthetic-face-detection/training/dataset/fake/1089_stylegan3.jpg,/home/guilhermemathiasreis/Documents/synthetic-face-detection/training/dataset/fake/1135_sd_14.jpg,False
1197,3743,4,fake,fake,/home/guilhermemathiasreis/Documents/synthetic-face-detection/training/dataset/fake/1270_sd_21.jpg,/home/guilhermemathiasreis/Documents/synthetic-face-detection/training/dataset/fake/1843_stylegan3.jpg,False
1200,6218,3,fake,fake,/home/guilhermemathiasreis/Documents/synthetic-face-detection/training/dataset/fake/1271_sd_14.jpg,/home/guilhermemathiasreis/Documents/synthetic-face-detection/training/dataset/fake/59_stylegan2.jpg,False
11143,15194,4,real,real,/home/guilhermemathiasreis/Documents/synthetic-face-detection/training/dataset/real/2756_ffhq.jpg,/home/guilhermemathiasreis/Documents/synthetic-face-detection/training/dataset/real/638_celebhq.jpg,False
8992,9888,1,real,real,/home/guilhermemathiasreis/Documents/synthetic-face-detection/training/dataset/real/1448_celebhq.jpg,/home/guilhermemathiasreis/Documents/synthetic-face-detection/training/dataset/real/1851_celebhq.jpg,False
10695,13770,3,real,real,/home/guilhermemathiasreis/Documents/synthetic-face-detection/training/dataset/real/238_celebhq.jpg,/home/guilhermemathiasreis/Documents/synthetic-face-detection/training/dataset/real/4905_ffhq.jpg,False
11441,15174,4,real,real,/home/guilhermemathiasreis/Documents/synthetic-face-detection/training/dataset/real/29_celebhq.jpg,/home/guilhermemathiasreis/Documents/synthetic-face-detection/training/dataset/real/629_celebhq.jpg,False
1821,2396,4,fake,fake,/home/guilhermemathiasreis/Documents/synthetic-face-detection/training/dataset/fake/1410_sd_21.jpg,/home/guilhermemathiasreis/Documents/synthetic-face-detection/training/dataset/fake/1540_sd_14.jpg,False
6722,8274,3,fake,real,/home/guilhermemathiasreis/Documents/synthetic-face-detection/training/dataset/fake/712_stylegan2.jpg,/home/guilhermemathiasreis/Documents/synthetic-face-detection/training/dataset/real/1124_celebhq.jpg,True
4089,4322,4,fake,fake,/home/guilhermemathiasreis/Documents/synthetic-face-detection/training/dataset/fake/1921_sd_21.jpg,/home/guilhermemathiasreis/Documents/synthetic-face-detection/training/dataset/fake/1974_stylegan2.jpg,False
1107,12909,4,fake,real,/home/guilhermemathiasreis/Documents/synthetic-face-detection/training/dataset/fake/124_stylegan3.jpg,/home/guilhermemathiasreis/Documents/synthetic-face-detection/training/dataset/real/41_celebhq.jpg,True
3113,4070,4,fake,fake,/home/guilhermemathiasreis/Documents/synthetic-face-detection/training/dataset/fake/1701_sd_21.jpg,/home/guilhermemathiasreis/Documents/synthetic-face-detection/training/dataset/fake/1917_stylegan2.jpg,False
1846,6458,4,fake,fake,/home/guilhermemathiasreis/Documents/synthetic-face-detection/training/dataset/fake/1416_stylegan2.jpg,/home/guilhermemathiasreis/Documents/synthetic-face-detection/training/dataset/fake/653_stylegan2.jpg,False
1621,5889,4,fake,fake,/home/guilhermemathiasreis/Documents/synthetic-face-detection/training/dataset/fake/1366_sd_21.jpg,/home/guilhermemathiasreis/Documents/synthetic-face-detection/training/dataset/fake/525_sd_21.jpg,False
5,3480,4,fake,fake,/home/guilhermemathiasreis/Documents/synthetic-face-detection/training/dataset/fake/1001_sd_21.jpg,/home/guilhermemathiasreis/Documents/synthetic-face-detection/training/dataset/fake/1785_sd_14.jpg,False
6973,15180,4,fake,real,/home/guilhermemathiasreis/Documents/synthetic-face-detection/training/dataset/fake/76_sd_21.jpg,/home/guilhermemathiasreis/Documents/synthetic-face-detection/training/dataset/real/631_celebhq.jpg,True
4603,6458,4,fake,fake,/home/guilhermemathiasreis/Documents/synthetic-face-detection/training/dataset/fake/235_stylegan3.jpg,/home/guilhermemathiasreis/Documents/synthetic-face-detection/training/dataset/fake/653_stylegan2.jpg,False
596,3628,4,fake,fake,/home/guilhermemathiasreis/Documents/synthetic-face-detection/training/dataset/fake/1135_sd_14.jpg,/home/guilhermemathiasreis/Documents/synthetic-face-detection/training/dataset/fake/1818_sd_14.jpg,False
3586,11735,3,fake,real,/home/guilhermemathiasreis/Documents/synthetic-face-detection/training/dataset/fake/1808_stylegan2.jpg,/home/guilhermemathiasreis/Documents/synthetic-face-detection/training/dataset/real/323_celebhq.jpg,True
491,7943,4,fake,fake,/home/guilhermemathiasreis/Documents/synthetic-face-detection/training/dataset/fake/1110_stylegan3.jpg,/home/guilhermemathiasreis/Documents/synthetic-face-detection/training/dataset/fake/988_stylegan3.jpg,False
1107,6973,1,fake,fake,/home/guilhermemathiasreis/Documents/synthetic-face-detection/training/dataset/fake/124_stylegan3.jpg,/home/guilhermemathiasreis/Documents/synthetic-face-detection/training/dataset/fake/76_sd_21.jpg,False
15200,15623,3,real,real,/home/guilhermemathiasreis/Documents/synthetic-face-detection/training/dataset/real/640_celebhq.jpg,/home/guilhermemathiasreis/Documents/synthetic-face-detection/training/dataset/real/830_ffhq.jpg,False
13171,13770,4,real,real,/home/guilhermemathiasreis/Documents/synthetic-face-detection/training/dataset/real/4414_ffhq.jpg,/home/guilhermemathiasreis/Documents/synthetic-face-detection/training/dataset/real/4905_ffhq.jpg,False
11147,12020,3,real,real,/home/guilhermemathiasreis/Documents/synthetic-face-detection/training/dataset/real/275_celebhq.jpg,/home/guilhermemathiasreis/Documents/synthetic-face-detection/training/dataset/real/3473_ffhq.jpg,False
9072,11061,4,real,real,/home/guilhermemathiasreis/Documents/synthetic-face-detection/training/dataset/real/1484_celebhq.jpg,/home/guilhermemathiasreis/Documents/synthetic-face-detection/training/dataset/real/268_celebhq.jpg,False
4014,14681,1,fake,real,/home/guilhermemathiasreis/Documents/synthetic-face-detection/training/dataset/fake/1904_stylegan2.jpg,/home/guilhermemathiasreis/Documents/synthetic-face-detection/training/dataset/real/5650_ffhq.jpg,True
2387,8187,4,fake,real,/home/guilhermemathiasreis/Documents/synthetic-face-detection/training/dataset/fake/1538_stylegan3.jpg,/home/guilhermemathiasreis/Documents/synthetic-face-detection/training/dataset/real/1085_ffhq.jpg,True
5,7831,4,fake,fake,/home/guilhermemathiasreis/Documents/synthetic-face-detection/training/dataset/fake/1001_sd_21.jpg,/home/guilhermemathiasreis/Documents/synthetic-face-detection/training/dataset/fake/962_stylegan3.jpg,False
2342,15478,0,fake,real,/home/guilhermemathiasreis/Documents/synthetic-face-detection/training/dataset/fake/1528_stylegan2.jpg,/home/guilhermemathiasreis/Documents/synthetic-face-detection/training/dataset/real/766_celebhq.jpg,True
4205,7941,4,fake,fake,/home/guilhermemathiasreis/Documents/synthetic-face-detection/training/dataset/fake/1948_sd_21.jpg,/home/guilhermemathiasreis/Documents/synthetic-face-detection/training/dataset/fake/988_sd_21.jpg,False
2751,7283,3,fake,fake,/home/guilhermemathiasreis/Documents/synthetic-face-detection/training/dataset/fake/161_stylegan3.jpg,/home/guilhermemathiasreis/Documents/synthetic-face-detection/training/dataset/fake/839_stylegan3.jpg,False
3586,5726,3,fake,fake,/home/guilhermemathiasreis/Documents/synthetic-face-detection/training/dataset/fake/1808_stylegan2.jpg,/home/guilhermemathiasreis/Documents/synthetic-face-detection/training/dataset/fake/489_stylegan2.jpg,False
1197,1621,4,fake,fake,/home/guilhermemathiasreis/Documents/synthetic-face-detection/training/dataset/fake/1270_sd_21.jpg,/home/guilhermemathiasreis/Documents/synthetic-face-detection/training/dataset/fake/1366_sd_21.jpg,False
2939,7261,3,fake,fake,/home/guilhermemathiasreis/Documents/synthetic-face-detection/training/dataset/fake/1662_stylegan3.jpg,/home/guilhermemathiasreis/Documents/synthetic-face-detection/training/dataset/fake/834_sd_21.jpg,False
2751,10593,3,fake,real,/home/guilhermemathiasreis/Documents/synthetic-face-detection/training/dataset/fake/161_stylegan3.jpg,/home/guilhermemathiasreis/Documents/synthetic-face-detection/training/dataset/real/2304_ffhq.jpg,True
10695,15942,3,real,real,/home/guilhermemathiasreis/Documents/synthetic-face-detection/training/dataset/real/238_celebhq.jpg,/home/guilhermemathiasreis/Documents/synthetic-face-detection/training/dataset/real/975_celebhq.jpg,False
4258,9950,1,fake,real,/home/guilhermemathiasreis/Documents/synthetic-face-detection/training/dataset/fake/195_stylegan2.jpg,/home/guilhermemathiasreis/Documents/synthetic-face-detection/training/dataset/real/187_celebhq.jpg,True
6158,13785,3,fake,real,/home/guilhermemathiasreis/Documents/synthetic-face-detection/training/dataset/fake/586_stylegan2.jpg,/home/guilhermemathiasreis/Documents/synthetic-face-detection/training/dataset/real/4918_ffhq.jpg,True
5673,8696,4,fake,real,/home/guilhermemathiasreis/Documents/synthetic-face-detection/training/dataset/fake/477_sd_21.jpg,/home/guilhermemathiasreis/Documents/synthetic-face-detection/training/dataset/real/1314_celebhq.jpg,True
1607,2385,4,fake,fake,/home/guilhermemathiasreis/Documents/synthetic-face-detection/training/dataset/fake/1362_stylegan3.jpg,/home/guilhermemathiasreis/Documents/synthetic-face-detection/training/dataset/fake/1538_sd_21.jpg,False
4603,9240,3,fake,real,/home/guilhermemathiasreis/Documents/synthetic-face-detection/training/dataset/fake/235_stylegan3.jpg,/home/guilhermemathiasreis/Documents/synthetic-face-detection/training/dataset/real/155_celebhq.jpg,True
4450,8632,3,fake,real,/home/guilhermemathiasreis/Documents/synthetic-face-detection/training/dataset/fake/200_stylegan2.jpg,/home/guilhermemathiasreis/Documents/synthetic-face-detection/training/dataset/real/1286_celebhq.jpg,True
6322,9240,3,fake,real,/home/guilhermemathiasreis/Documents/synthetic-face-detection/training/dataset/fake/622_stylegan2.jpg,/home/guilhermemathiasreis/Documents/synthetic-face-detection/training/dataset/real/155_celebhq.jpg,True
4159,15631,3,fake,real,/home/guilhermemathiasreis/Documents/synthetic-face-detection/training/dataset/fake/1937_stylegan3.jpg,/home/guilhermemathiasreis/Documents/synthetic-face-detection/training/dataset/real/834_ffhq.jpg,True
5673,6517,1,fake,fake,/home/guilhermemathiasreis/Documents/synthetic-face-detection/training/dataset/fake/477_sd_21.jpg,/home/guilhermemathiasreis/Documents/synthetic-face-detection/training/dataset/fake/667_sd_21.jpg,False
2787,15623,4,fake,real,/home/guilhermemathiasreis/Documents/synthetic-face-detection/training/dataset/fake/1628_stylegan3.jpg,/home/guilhermemathiasreis/Documents/synthetic-face-detection/training/dataset/real/830_ffhq.jpg,True
7289,12447,4,fake,real,/home/guilhermemathiasreis/Documents/synthetic-face-detection/training/dataset/fake/840_sd_21.jpg,/home/guilhermemathiasreis/Documents/synthetic-face-detection/training/dataset/real/3822_ffhq.jpg,True
4322,9240,2,fake,real,/home/guilhermemathiasreis/Documents/synthetic-face-detection/training/dataset/fake/1974_stylegan2.jpg,/home/guilhermemathiasreis/Documents/synthetic-face-detection/training/dataset/real/155_celebhq.jpg,True
1749,3997,4,fake,fake,/home/guilhermemathiasreis/Documents/synthetic-face-detection/training/dataset/fake/1395_sd_21.jpg,/home/guilhermemathiasreis/Documents/synthetic-face-detection/training/dataset/fake/1900_sd_21.jpg,False
510,1749,4,fake,fake,/home/guilhermemathiasreis/Documents/synthetic-face-detection/training/dataset/fake/1115_stylegan2.jpg,/home/guilhermemathiasreis/Documents/synthetic-face-detection/training/dataset/fake/1395_sd_21.jpg,False
1767,15343,3,fake,real,/home/guilhermemathiasreis/Documents/synthetic-face-detection/training/dataset/fake/1399_stylegan3.jpg,/home/guilhermemathiasreis/Documents/synthetic-face-detection/training/dataset/real/704_ffhq.jpg,True
6527,7913,4,fake,fake,/home/guilhermemathiasreis/Documents/synthetic-face-detection/training/dataset/fake/669_stylegan3.jpg,/home/guilhermemathiasreis/Documents/synthetic-face-detection/training/dataset/fake/981_sd_21.jpg,False
6555,15735,4,fake,real,/home/guilhermemathiasreis/Documents/synthetic-face-detection/training/dataset/fake/675_stylegan3.jpg,/home/guilhermemathiasreis/Documents/synthetic-face-detection/training/dataset/real/881_ffhq.jpg,True
391,6973,3,fake,fake,/home/guilhermemathiasreis/Documents/synthetic-face-detection/training/dataset/fake/1089_stylegan3.jpg,/home/guilhermemathiasreis/Documents/synthetic-face-detection/training/dataset/fake/76_sd_21.jpg,False
2965,15769,4,fake,real,/home/guilhermemathiasreis/Documents/synthetic-face-detection/training/dataset/fake/1669_sd_21.jpg,/home/guilhermemathiasreis/Documents/synthetic-face-detection/training/dataset/real/897_ffhq.jpg,True
7323,9624,4,fake,real,/home/guilhermemathiasreis/Documents/synthetic-face-detection/training/dataset/fake/848_stylegan3.jpg,/home/guilhermemathiasreis/Documents/synthetic-face-detection/training/dataset/real/1732_celebhq.jpg,True
3628,5619,3,fake,fake,/home/guilhermemathiasreis/Documents/synthetic-face-detection/training/dataset/fake/1818_sd_14.jpg,/home/guilhermemathiasreis/Documents/synthetic-face-detection/training/dataset/fake/464_stylegan3.jpg,False
482,9240,4,fake,real,/home/guilhermemathiasreis/Documents/synthetic-face-detection/training/dataset/fake/1109_stylegan2.jpg,/home/guilhermemathiasreis/Documents/synthetic-face-detection/training/dataset/real/155_celebhq.jpg,True
2939,9506,4,fake,real,/home/guilhermemathiasreis/Documents/synthetic-face-detection/training/dataset/fake/1662_stylegan3.jpg,/home/guilhermemathiasreis/Documents/synthetic-face-detection/training/dataset/real/167_celebhq.jpg,True
1107,2396,4,fake,fake,/home/guilhermemathiasreis/Documents/synthetic-face-detection/training/dataset/fake/124_stylegan3.jpg,/home/guilhermemathiasreis/Documents/synthetic-face-detection/training/dataset/fake/1540_sd_14.jpg,False
2939,9970,3,fake,real,/home/guilhermemathiasreis/Documents/synthetic-face-detection/training/dataset/fake/1662_stylegan3.jpg,/home/guilhermemathiasreis/Documents/synthetic-face-detection/training/dataset/real/1889_celebhq.jpg,True
3480,15986,4,fake,real,/home/guilhermemathiasreis/Documents/synthetic-face-detection/training/dataset/fake/1785_sd_14.jpg,/home/guilhermemathiasreis/Documents/synthetic-face-detection/training/dataset/real/995_celebhq.jpg,True
3711,14555,4,fake,real,/home/guilhermemathiasreis/Documents/synthetic-face-detection/training/dataset/fake/1836_stylegan3.jpg,/home/guilhermemathiasreis/Documents/synthetic-face-detection/training/dataset/real/5548_ffhq.jpg,True
1359,7730,4,fake,fake,/home/guilhermemathiasreis/Documents/synthetic-face-detection/training/dataset/fake/1306_stylegan3.jpg,/home/guilhermemathiasreis/Documents/synthetic-face-detection/training/dataset/fake/93_stylegan2.jpg,False
1767,4089,2,fake,fake,/home/guilhermemathiasreis/Documents/synthetic-face-detection/training/dataset/fake/1399_stylegan3.jpg,/home/guilhermemathiasreis/Documents/synthetic-face-detection/training/dataset/fake/1921_sd_21.jpg,False
9019,15174,4,real,real,/home/guilhermemathiasreis/Documents/synthetic-face-detection/training/dataset/real/145_ffhq.jpg,/home/guilhermemathiasreis/Documents/synthetic-face-detection/training/dataset/real/629_celebhq.jpg,False
1996,10695,3,fake,real,/home/guilhermemathiasreis/Documents/synthetic-face-detection/training/dataset/fake/1450_sd_14.jpg,/home/guilhermemathiasreis/Documents/synthetic-face-detection/training/dataset/real/238_celebhq.jpg,True
1784,6387,4,fake,fake,/home/guilhermemathiasreis/Documents/synthetic-face-detection/training/dataset/fake/1402_sd_14.jpg,/home/guilhermemathiasreis/Documents/synthetic-face-detection/training/dataset/fake/637_stylegan3.jpg,False
393,8979,4,fake,real,/home/guilhermemathiasreis/Documents/synthetic-face-detection/training/dataset/fake/108_sd_21.jpg,/home/guilhermemathiasreis/Documents/synthetic-face-detection/training/dataset/real/1441_ffhq.jpg,True
1107,4348,4,fake,fake,/home/guilhermemathiasreis/Documents/synthetic-face-detection/training/dataset/fake/124_stylegan3.jpg,/home/guilhermemathiasreis/Documents/synthetic-face-detection/training/dataset/fake/1980_sd_14.jpg,False
4822,6002,4,fake,fake,/home/guilhermemathiasreis/Documents/synthetic-face-detection/training/dataset/fake/285_stylegan2.jpg,/home/guilhermemathiasreis/Documents/synthetic-face-detection/training/dataset/fake/550_stylegan2.jpg,False
7283,15942,4,fake,real,/home/guilhermemathiasreis/Documents/synthetic-face-detection/training/dataset/fake/839_stylegan3.jpg,/home/guilhermemathiasreis/Documents/synthetic-face-detection/training/dataset/real/975_celebhq.jpg,True
2585,4278,4,fake,fake,/home/guilhermemathiasreis/Documents/synthetic-face-detection/training/dataset/fake/1583_sd_21.jpg,/home/guilhermemathiasreis/Documents/synthetic-face-detection/training/dataset/fake/1964_stylegan2.jpg,False
7283,15194,4,fake,real,/home/guilhermemathiasreis/Documents/synthetic-face-detection/training/dataset/fake/839_stylegan3.jpg,/home/guilhermemathiasreis/Documents/synthetic-face-detection/training/dataset/real/638_celebhq.jpg,True
4154,6099,3,fake,fake,/home/guilhermemathiasreis/Documents/synthetic-face-detection/training/dataset/fake/1936_stylegan2.jpg,/home/guilhermemathiasreis/Documents/synthetic-face-detection/training/dataset/fake/572_stylegan3.jpg,False
4211,4486,2,fake,fake,/home/guilhermemathiasreis/Documents/synthetic-face-detection/training/dataset/fake/1949_stylegan3.jpg,/home/guilhermemathiasreis/Documents/synthetic-face-detection/training/dataset/fake/209_stylegan2.jpg,False
1821,8318,4,fake,real,/home/guilhermemathiasreis/Documents/synthetic-face-detection/training/dataset/fake/1410_sd_21.jpg,/home/guilhermemathiasreis/Documents/synthetic-face-detection/training/dataset/real/1144_celebhq.jpg,True
746,7656,4,fake,fake,/home/guilhermemathiasreis/Documents/synthetic-face-detection/training/dataset/fake/1169_stylegan2.jpg,/home/guilhermemathiasreis/Documents/synthetic-face-detection/training/dataset/fake/923_sd_14.jpg,False
1819,9240,3,fake,real,/home/guilhermemathiasreis/Documents/synthetic-face-detection/training/dataset/fake/140_stylegan3.jpg,/home/guilhermemathiasreis/Documents/synthetic-face-detection/training/dataset/real/155_celebhq.jpg,True
6527,10695,4,fake,real,/home/guilhermemathiasreis/Documents/synthetic-face-detection/training/dataset/fake/669_stylegan3.jpg,/home/guilhermemathiasreis/Documents/synthetic-face-detection/training/dataset/real/238_celebhq.jpg,True
3903,4154,3,fake,fake,/home/guilhermemathiasreis/Documents/synthetic-face-detection/training/dataset/fake/187_stylegan3.jpg,/home/guilhermemathiasreis/Documents/synthetic-face-detection/training/dataset/fake/1936_stylegan2.jpg,False
5695,13770,4,fake,real,/home/guilhermemathiasreis/Documents/synthetic-face-detection/training/dataset/fake/481_stylegan3.jpg,/home/guilhermemathiasreis/Documents/synthetic-face-detection/training/dataset/real/4905_ffhq.jpg,True
4911,7703,4,fake,fake,/home/guilhermemathiasreis/Documents/synthetic-face-detection/training/dataset/fake/304_stylegan3.jpg,/home/guilhermemathiasreis/Documents/synthetic-face-detection/training/dataset/fake/933_stylegan3.jpg,False
8492,13543,3,real,real,/home/guilhermemathiasreis/Documents/synthetic-face-detection/training/dataset/real/1222_celebhq.jpg,/home/guilhermemathiasreis/Documents/synthetic-face-detection/training/dataset/real/471_celebhq.jpg,False
6087,15270,4,fake,real,/home/guilhermemathiasreis/Documents/synthetic-face-detection/training/dataset/fake/56_stylegan3.jpg,/home/guilhermemathiasreis/Documents/synthetic-face-detection/training/dataset/real/672_celebhq.jpg,True
1236,2396,4,fake,fake,/home/guilhermemathiasreis/Documents/synthetic-face-detection/training/dataset/fake/127_sd_14.jpg,/home/guilhermemathiasreis/Documents/synthetic-face-detection/training/dataset/fake/1540_sd_14.jpg,False
1281,2009,4,fake,fake,/home/guilhermemathiasreis/Documents/synthetic-face-detection/training/dataset/fake/128_sd_21.jpg,/home/guilhermemathiasreis/Documents/synthetic-face-detection/training/dataset/fake/1453_sd_21.jpg,False
392,7608,4,fake,fake,/home/guilhermemathiasreis/Documents/synthetic-face-detection/training/dataset/fake/108_sd_14.jpg,/home/guilhermemathiasreis/Documents/synthetic-face-detection/training/dataset/fake/912_sd_14.jpg,False
391,4030,4,fake,fake,/home/guilhermemathiasreis/Documents/synthetic-face-detection/training/dataset/fake/1089_stylegan3.jpg,/home/guilhermemathiasreis/Documents/synthetic-face-detection/training/dataset/fake/1908_stylegan2.jpg,False
14255,15824,4,real,real,/home/guilhermemathiasreis/Documents/synthetic-face-detection/training/dataset/real/5300_ffhq.jpg,/home/guilhermemathiasreis/Documents/synthetic-face-detection/training/dataset/real/921_celebhq.jpg,False
4089,15343,3,fake,real,/home/guilhermemathiasreis/Documents/synthetic-face-detection/training/dataset/fake/1921_sd_21.jpg,/home/guilhermemathiasreis/Documents/synthetic-face-detection/training/dataset/real/704_ffhq.jpg,True
1839,5249,4,fake,fake,/home/guilhermemathiasreis/Documents/synthetic-face-detection/training/dataset/fake/1414_stylegan3.jpg,/home/guilhermemathiasreis/Documents/synthetic-face-detection/training/dataset/fake/381_sd_21.jpg,False
5,15623,3,fake,real,/home/guilhermemathiasreis/Documents/synthetic-face-detection/training/dataset/fake/1001_sd_21.jpg,/home/guilhermemathiasreis/Documents/synthetic-face-detection/training/dataset/real/830_ffhq.jpg,True
1996,11143,2,fake,real,/home/guilhermemathiasreis/Documents/synthetic-face-detection/training/dataset/fake/1450_sd_14.jpg,/home/guilhermemathiasreis/Documents/synthetic-face-detection/training/dataset/real/2756_ffhq.jpg,True
1023,7375,3,fake,fake,/home/guilhermemathiasreis/Documents/synthetic-face-detection/training/dataset/fake/1230_stylegan3.jpg,/home/guilhermemathiasreis/Documents/synthetic-face-detection/training/dataset/fake/85_stylegan3.jpg,False
2569,5882,4,fake,fake,/home/guilhermemathiasreis/Documents/synthetic-face-detection/training/dataset/fake/157_sd_21.jpg,/home/guilhermemathiasreis/Documents/synthetic-face-detection/training/dataset/fake/523_stylegan2.jpg,False
7283,9112,3,fake,real,/home/guilhermemathiasreis/Documents/synthetic-face-detection/training/dataset/fake/839_stylegan3.jpg,/home/guilhermemathiasreis/Documents/synthetic-face-detection/training/dataset/real/1501_celebhq.jpg,True
507,2095,4,fake,fake,/home/guilhermemathiasreis/Documents/synthetic-face-detection/training/dataset/fake/1114_stylegan3.jpg,/home/guilhermemathiasreis/Documents/synthetic-face-detection/training/dataset/fake/1472_stylegan3.jpg,False
4159,7289,3,fake,fake,/home/guilhermemathiasreis/Documents/synthetic-face-detection/training/dataset/fake/1937_stylegan3.jpg,/home/guilhermemathiasreis/Documents/synthetic-face-detection/training/dataset/fake/840_sd_21.jpg,False
4639,7367,1,fake,fake,/home/guilhermemathiasreis/Documents/synthetic-face-detection/training/dataset/fake/243_stylegan3.jpg,/home/guilhermemathiasreis/Documents/synthetic-face-detection/training/dataset/fake/858_stylegan3.jpg,False
1419,14556,4,fake,real,/home/guilhermemathiasreis/Documents/synthetic-face-detection/training/dataset/fake/131_stylegan3.jpg,/home/guilhermemathiasreis/Documents/synthetic-face-detection/training/dataset/real/5549_ffhq.jpg,True
4089,5723,3,fake,fake,/home/guilhermemathiasreis/Documents/synthetic-face-detection/training/dataset/fake/1921_sd_21.jpg,/home/guilhermemathiasreis/Documents/synthetic-face-detection/training/dataset/fake/488_stylegan3.jpg,False
6139,15623,1,fake,real,/home/guilhermemathiasreis/Documents/synthetic-face-detection/training/dataset/fake/581_stylegan3.jpg,/home/guilhermemathiasreis/Documents/synthetic-face-detection/training/dataset/real/830_ffhq.jpg,True
7022,9114,3,fake,real,/home/guilhermemathiasreis/Documents/synthetic-face-detection/training/dataset/fake/780_stylegan2.jpg,/home/guilhermemathiasreis/Documents/synthetic-face-detection/training/dataset/real/1502_celebhq.jpg,True
2342,10593,3,fake,real,/home/guilhermemathiasreis/Documents/synthetic-face-detection/training/dataset/fake/1528_stylegan2.jpg,/home/guilhermemathiasreis/Documents/synthetic-face-detection/training/dataset/real/2304_ffhq.jpg,True
491,6571,3,fake,fake,/home/guilhermemathiasreis/Documents/synthetic-face-detection/training/dataset/fake/1110_stylegan3.jpg,/home/guilhermemathiasreis/Documents/synthetic-face-detection/training/dataset/fake/679_stylegan3.jpg,False
14105,15986,4,real,real,/home/guilhermemathiasreis/Documents/synthetic-face-detection/training/dataset/real/517_celebhq.jpg,/home/guilhermemathiasreis/Documents/synthetic-face-detection/training/dataset/real/995_celebhq.jpg,False
5198,6571,4,fake,fake,/home/guilhermemathiasreis/Documents/synthetic-face-detection/training/dataset/fake/36_stylegan2.jpg,/home/guilhermemathiasreis/Documents/synthetic-face-detection/training/dataset/fake/679_stylegan3.jpg,False
2323,4159,4,fake,fake,/home/guilhermemathiasreis/Documents/synthetic-face-detection/training/dataset/fake/1523_stylegan3.jpg,/home/guilhermemathiasreis/Documents/synthetic-face-detection/training/dataset/fake/1937_stylegan3.jpg,False
7913,9451,4,fake,real,/home/guilhermemathiasreis/Documents/synthetic-face-detection/training/dataset/fake/981_sd_21.jpg,/home/guilhermemathiasreis/Documents/synthetic-face-detection/training/dataset/real/1654_ffhq.jpg,True
2131,6307,4,fake,fake,/home/guilhermemathiasreis/Documents/synthetic-face-detection/training/dataset/fake/1480_stylegan3.jpg,/home/guilhermemathiasreis/Documents/synthetic-face-detection/training/dataset/fake/619_stylegan3.jpg,False
5281,12799,4,fake,real,/home/guilhermemathiasreis/Documents/synthetic-face-detection/training/dataset/fake/389_sd_21.jpg,/home/guilhermemathiasreis/Documents/synthetic-face-detection/training/dataset/real/410_celebhq.jpg,True
338,8452,4,fake,real,/home/guilhermemathiasreis/Documents/synthetic-face-detection/training/dataset/fake/1077_stylegan2.jpg,/home/guilhermemathiasreis/Documents/synthetic-face-detection/training/dataset/real/1204_celebhq.jpg,True
2751,7798,3,fake,fake,/home/guilhermemathiasreis/Documents/synthetic-face-detection/training/dataset/fake/161_stylegan3.jpg,/home/guilhermemathiasreis/Documents/synthetic-face-detection/training/dataset/fake/955_stylegan2.jpg,False
2939,10695,4,fake,real,/home/guilhermemathiasreis/Documents/synthetic-face-detection/training/dataset/fake/1662_stylegan3.jpg,/home/guilhermemathiasreis/Documents/synthetic-face-detection/training/dataset/real/238_celebhq.jpg,True
5882,7417,2,fake,fake,/home/guilhermemathiasreis/Documents/synthetic-face-detection/training/dataset/fake/523_stylegan2.jpg,/home/guilhermemathiasreis/Documents/synthetic-face-detection/training/dataset/fake/86_sd_21.jpg,False
4154,6458,2,fake,fake,/home/guilhermemathiasreis/Documents/synthetic-face-detection/training/dataset/fake/1936_stylegan2.jpg,/home/guilhermemathiasreis/Documents/synthetic-face-detection/training/dataset/fake/653_stylegan2.jpg,False
338,3711,3,fake,fake,/home/guilhermemathiasreis/Documents/synthetic-face-detection/training/dataset/fake/1077_stylegan2.jpg,/home/guilhermemathiasreis/Documents/synthetic-face-detection/training/dataset/fake/1836_stylegan3.jpg,False
2175,2979,4,fake,fake,/home/guilhermemathiasreis/Documents/synthetic-face-detection/training/dataset/fake/1490_stylegan3.jpg,/home/guilhermemathiasreis/Documents/synthetic-face-detection/training/dataset/fake/1671_stylegan3.jpg,False
1996,9623,4,fake,real,/home/guilhermemathiasreis/Documents/synthetic-face-detection/training/dataset/fake/1450_sd_14.jpg,/home/guilhermemathiasreis/Documents/synthetic-face-detection/training/dataset/real/1731_ffhq.jpg,True
2751,14255,3,fake,real,/home/guilhermemathiasreis/Documents/synthetic-face-detection/training/dataset/fake/161_stylegan3.jpg,/home/guilhermemathiasreis/Documents/synthetic-face-detection/training/dataset/real/5300_ffhq.jpg,True
4154,15623,3,fake,real,/home/guilhermemathiasreis/Documents/synthetic-face-detection/training/dataset/fake/1936_stylegan2.jpg,/home/guilhermemathiasreis/Documents/synthetic-face-detection/training/dataset/real/830_ffhq.jpg,True
5179,7798,4,fake,fake,/home/guilhermemathiasreis/Documents/synthetic-face-detection/training/dataset/fake/365_stylegan3.jpg,/home/guilhermemathiasreis/Documents/synthetic-face-detection/training/dataset/fake/955_stylegan2.jpg,False
3113,8318,4,fake,real,/home/guilhermemathiasreis/Documents/synthetic-face-detection/training/dataset/fake/1701_sd_21.jpg,/home/guilhermemathiasreis/Documents/synthetic-face-detection/training/dataset/real/1144_celebhq.jpg,True
6354,10008,4,fake,real,/home/guilhermemathiasreis/Documents/synthetic-face-detection/training/dataset/fake/62_stylegan2.jpg,/home/guilhermemathiasreis/Documents/synthetic-face-detection/training/dataset/real/1905_celebhq.jpg,True
6163,15270,4,fake,real,/home/guilhermemathiasreis/Documents/synthetic-face-detection/training/dataset/fake/587_stylegan3.jpg,/home/guilhermemathiasreis/Documents/synthetic-face-detection/training/dataset/real/672_celebhq.jpg,True
2751,5619,4,fake,fake,/home/guilhermemathiasreis/Documents/synthetic-face-detection/training/dataset/fake/161_stylegan3.jpg,/home/guilhermemathiasreis/Documents/synthetic-face-detection/training/dataset/fake/464_stylegan3.jpg,False
3711,8832,4,fake,real,/home/guilhermemathiasreis/Documents/synthetic-face-detection/training/dataset/fake/1836_stylegan3.jpg,/home/guilhermemathiasreis/Documents/synthetic-face-detection/training/dataset/real/1376_celebhq.jpg,True
2787,6973,4,fake,fake,/home/guilhermemathiasreis/Documents/synthetic-face-detection/training/dataset/fake/1628_stylegan3.jpg,/home/guilhermemathiasreis/Documents/synthetic-face-detection/training/dataset/fake/76_sd_21.jpg,False
7176,11143,4,fake,real,/home/guilhermemathiasreis/Documents/synthetic-face-detection/training/dataset/fake/815_sd_14.jpg,/home/guilhermemathiasreis/Documents/synthetic-face-detection/training/dataset/real/2756_ffhq.jpg,True
10296,13980,4,real,real,/home/guilhermemathiasreis/Documents/synthetic-face-detection/training/dataset/real/2061_ffhq.jpg,/home/guilhermemathiasreis/Documents/synthetic-face-detection/training/dataset/real/5077_ffhq.jpg,False
1200,7913,3,fake,fake,/home/guilhermemathiasreis/Documents/synthetic-face-detection/training/dataset/fake/1271_sd_14.jpg,/home/guilhermemathiasreis/Documents/synthetic-face-detection/training/dataset/fake/981_sd_21.jpg,False
15264,15631,4,real,real,/home/guilhermemathiasreis/Documents/synthetic-face-detection/training/dataset/real/66_celebhq.jpg,/home/guilhermemathiasreis/Documents/synthetic-face-detection/training/dataset/real/834_ffhq.jpg,False
9970,12125,4,real,real,/home/guilhermemathiasreis/Documents/synthetic-face-detection/training/dataset/real/1889_celebhq.jpg,/home/guilhermemathiasreis/Documents/synthetic-face-detection/training/dataset/real/355_celebhq.jpg,False
491,10695,4,fake,real,/home/guilhermemathiasreis/Documents/synthetic-face-detection/training/dataset/fake/1110_stylegan3.jpg,/home/guilhermemathiasreis/Documents/synthetic-face-detection/training/dataset/real/238_celebhq.jpg,True
491,9947,4,fake,real,/home/guilhermemathiasreis/Documents/synthetic-face-detection/training/dataset/fake/1110_stylegan3.jpg,/home/guilhermemathiasreis/Documents/synthetic-face-detection/training/dataset/real/1878_ffhq.jpg,True
2255,4014,4,fake,fake,/home/guilhermemathiasreis/Documents/synthetic-face-detection/training/dataset/fake/1508_stylegan3.jpg,/home/guilhermemathiasreis/Documents/synthetic-face-detection/training/dataset/fake/1904_stylegan2.jpg,False
5259,6810,4,fake,fake,/home/guilhermemathiasreis/Documents/synthetic-face-detection/training/dataset/fake/383_stylegan3.jpg,/home/guilhermemathiasreis/Documents/synthetic-face-detection/training/dataset/fake/732_stylegan2.jpg,False
6451,10584,4,fake,real,/home/guilhermemathiasreis/Documents/synthetic-face-detection/training/dataset/fake/651_stylegan3.jpg,/home/guilhermemathiasreis/Documents/synthetic-face-detection/training/dataset/real/2299_ffhq.jpg,True
450,4579,3,fake,fake,/home/guilhermemathiasreis/Documents/synthetic-face-detection/training/dataset/fake/1101_stylegan2.jpg,/home/guilhermemathiasreis/Documents/synthetic-face-detection/training/dataset/fake/22_stylegan3.jpg,False
15174,15942,4,real,real,/home/guilhermemathiasreis/Documents/synthetic-face-detection/training/dataset/real/629_celebhq.jpg,/home/guilhermemathiasreis/Documents/synthetic-face-detection/training/dataset/real/975_celebhq.jpg,False
4879,6571,4,fake,fake,/home/guilhermemathiasreis/Documents/synthetic-face-detection/training/dataset/fake/298_stylegan3.jpg,/home/guilhermemathiasreis/Documents/synthetic-face-detection/training/dataset/fake/679_stylegan3.jpg,False
15174,15194,4,real,real,/home/guilhermemathiasreis/Documents/synthetic-face-detection/training/dataset/real/629_celebhq.jpg,/home/guilhermemathiasreis/Documents/synthetic-face-detection/training/dataset/real/638_celebhq.jpg,False
1777,4885,3,fake,fake,/home/guilhermemathiasreis/Documents/synthetic-face-detection/training/dataset/fake/1400_sd_21.jpg,/home/guilhermemathiasreis/Documents/synthetic-face-detection/training/dataset/fake/29_sd_21.jpg,False
275,3113,3,fake,fake,/home/guilhermemathiasreis/Documents/synthetic-face-detection/training/dataset/fake/1062_stylegan3.jpg,/home/guilhermemathiasreis/Documents/synthetic-face-detection/training/dataset/fake/1701_sd_21.jpg,False
253,9506,3,fake,real,/home/guilhermemathiasreis/Documents/synthetic-face-detection/training/dataset/fake/1058_sd_21.jpg,/home/guilhermemathiasreis/Documents/synthetic-face-detection/training/dataset/real/167_celebhq.jpg,True
379,655,3,fake,fake,/home/guilhermemathiasreis/Documents/synthetic-face-detection/training/dataset/fake/1086_stylegan3.jpg,/home/guilhermemathiasreis/Documents/synthetic-face-detection/training/dataset/fake/1148_stylegan3.jpg,False
949,2293,4,fake,fake,/home/guilhermemathiasreis/Documents/synthetic-face-detection/training/dataset/fake/1214_sd_21.jpg,/home/guilhermemathiasreis/Documents/synthetic-face-detection/training/dataset/fake/1517_sd_21.jpg,False
4322,6218,4,fake,fake,/home/guilhermemathiasreis/Documents/synthetic-face-detection/training/dataset/fake/1974_stylegan2.jpg,/home/guilhermemathiasreis/Documents/synthetic-face-detection/training/dataset/fake/59_stylegan2.jpg,False
2406,4159,3,fake,fake,/home/guilhermemathiasreis/Documents/synthetic-face-detection/training/dataset/fake/1542_stylegan2.jpg,/home/guilhermemathiasreis/Documents/synthetic-face-detection/training/dataset/fake/1937_stylegan3.jpg,False
3480,5995,2,fake,fake,/home/guilhermemathiasreis/Documents/synthetic-face-detection/training/dataset/fake/1785_sd_14.jpg,/home/guilhermemathiasreis/Documents/synthetic-face-detection/training/dataset/fake/549_stylegan3.jpg,False
3628,6354,4,fake,fake,/home/guilhermemathiasreis/Documents/synthetic-face-detection/training/dataset/fake/1818_sd_14.jpg,/home/guilhermemathiasreis/Documents/synthetic-face-detection/training/dataset/fake/62_stylegan2.jpg,False
5091,5246,3,fake,fake,/home/guilhermemathiasreis/Documents/synthetic-face-detection/training/dataset/fake/345_stylegan3.jpg,/home/guilhermemathiasreis/Documents/synthetic-face-detection/training/dataset/fake/380_stylegan2.jpg,False
3671,14996,4,fake,real,/home/guilhermemathiasreis/Documents/synthetic-face-detection/training/dataset/fake/1827_stylegan3.jpg,/home/guilhermemathiasreis/Documents/synthetic-face-detection/training/dataset/real/5909_ffhq.jpg,True
3113,9970,2,fake,real,/home/guilhermemathiasreis/Documents/synthetic-face-detection/training/dataset/fake/1701_sd_21.jpg,/home/guilhermemathiasreis/Documents/synthetic-face-detection/training/dataset/real/1889_celebhq.jpg,True
3307,12609,4,fake,real,/home/guilhermemathiasreis/Documents/synthetic-face-detection/training/dataset/fake/1745_stylegan3.jpg,/home/guilhermemathiasreis/Documents/synthetic-face-detection/training/dataset/real/3956_ffhq.jpg,True
1197,7301,4,fake,fake,/home/guilhermemathiasreis/Documents/synthetic-face-detection/training/dataset/fake/1270_sd_21.jpg,/home/guilhermemathiasreis/Documents/synthetic-face-detection/training/dataset/fake/843_sd_21.jpg,False
7084,11921,4,fake,real,/home/guilhermemathiasreis/Documents/synthetic-face-detection/training/dataset/fake/795_sd_14.jpg,/home/guilhermemathiasreis/Documents/synthetic-face-detection/training/dataset/real/3392_ffhq.jpg,True
8804,9563,4,real,real,/home/guilhermemathiasreis/Documents/synthetic-face-detection/training/dataset/real/1363_celebhq.jpg,/home/guilhermemathiasreis/Documents/synthetic-face-detection/training/dataset/real/1704_ffhq.jpg,False
8832,15343,4,real,real,/home/guilhermemathiasreis/Documents/synthetic-face-detection/training/dataset/real/1376_celebhq.jpg,/home/guilhermemathiasreis/Documents/synthetic-face-detection/training/dataset/real/704_ffhq.jpg,False
7065,15343,2,fake,real,/home/guilhermemathiasreis/Documents/synthetic-face-detection/training/dataset/fake/790_sd_21.jpg,/home/guilhermemathiasreis/Documents/synthetic-face-detection/training/dataset/real/704_ffhq.jpg,True
5179,8832,4,fake,real,/home/guilhermemathiasreis/Documents/synthetic-face-detection/training/dataset/fake/365_stylegan3.jpg,/home/guilhermemathiasreis/Documents/synthetic-face-detection/training/dataset/real/1376_celebhq.jpg,True
746,7342,3,fake,fake,/home/guilhermemathiasreis/Documents/synthetic-face-detection/training/dataset/fake/1169_stylegan2.jpg,/home/guilhermemathiasreis/Documents/synthetic-face-detection/training/dataset/fake/852_stylegan2.jpg,False
2009,3113,3,fake,fake,/home/guilhermemathiasreis/Documents/synthetic-face-detection/training/dataset/fake/1453_sd_21.jpg,/home/guilhermemathiasreis/Documents/synthetic-face-detection/training/dataset/fake/1701_sd_21.jpg,False
7574,10418,4,fake,real,/home/guilhermemathiasreis/Documents/synthetic-face-detection/training/dataset/fake/904_stylegan2.jpg,/home/guilhermemathiasreis/Documents/synthetic-face-detection/training/dataset/real/2161_ffhq.jpg,True
5387,7789,4,fake,fake,/home/guilhermemathiasreis/Documents/synthetic-face-detection/training/dataset/fake/411_stylegan3.jpg,/home/guilhermemathiasreis/Documents/synthetic-face-detection/training/dataset/fake/953_sd_21.jpg,False
1023,9451,4,fake,real,/home/guilhermemathiasreis/Documents/synthetic-face-detection/training/dataset/fake/1230_stylegan3.jpg,/home/guilhermemathiasreis/Documents/synthetic-face-detection/training/dataset/real/1654_ffhq.jpg,True
491,9403,3,fake,real,/home/guilhermemathiasreis/Documents/synthetic-face-detection/training/dataset/fake/1110_stylegan3.jpg,/home/guilhermemathiasreis/Documents/synthetic-face-detection/training/dataset/real/1632_ffhq.jpg,True
2939,15942,3,fake,real,/home/guilhermemathiasreis/Documents/synthetic-face-detection/training/dataset/fake/1662_stylegan3.jpg,/home/guilhermemathiasreis/Documents/synthetic-face-detection/training/dataset/real/975_celebhq.jpg,True
2939,4159,2,fake,fake,/home/guilhermemathiasreis/Documents/synthetic-face-detection/training/dataset/fake/1662_stylegan3.jpg,/home/guilhermemathiasreis/Documents/synthetic-face-detection/training/dataset/fake/1937_stylegan3.jpg,False
878,15926,3,fake,real,/home/guilhermemathiasreis/Documents/synthetic-face-detection/training/dataset/fake/1199_stylegan2.jpg,/home/guilhermemathiasreis/Documents/synthetic-face-detection/training/dataset/real/968_celebhq.jpg,True
3339,9114,4,fake,real,/home/guilhermemathiasreis/Documents/synthetic-face-detection/training/dataset/fake/1752_stylegan3.jpg,/home/guilhermemathiasreis/Documents/synthetic-face-detection/training/dataset/real/1502_celebhq.jpg,True
3815,13662,3,fake,real,/home/guilhermemathiasreis/Documents/synthetic-face-detection/training/dataset/fake/185_stylegan3.jpg,/home/guilhermemathiasreis/Documents/synthetic-face-detection/training/dataset/real/4817_ffhq.jpg,True
4579,7589,4,fake,fake,/home/guilhermemathiasreis/Documents/synthetic-face-detection/training/dataset/fake/22_stylegan3.jpg,/home/guilhermemathiasreis/Documents/synthetic-face-detection/training/dataset/fake/908_sd_21.jpg,False
2532,3628,4,fake,fake,/home/guilhermemathiasreis/Documents/synthetic-face-detection/training/dataset/fake/1571_sd_14.jpg,/home/guilhermemathiasreis/Documents/synthetic-face-detection/training/dataset/fake/1818_sd_14.jpg,False
306,1020,4,fake,fake,/home/guilhermemathiasreis/Documents/synthetic-face-detection/training/dataset/fake/106_stylegan2.jpg,/home/guilhermemathiasreis/Documents/synthetic-face-detection/training/dataset/fake/1230_sd_14.jpg,False
889,5839,4,fake,fake,/home/guilhermemathiasreis/Documents/synthetic-face-detection/training/dataset/fake/1200_sd_21.jpg,/home/guilhermemathiasreis/Documents/synthetic-face-detection/training/dataset/fake/513_stylegan3.jpg,False
391,11441,2,fake,real,/home/guilhermemathiasreis/Documents/synthetic-face-detection/training/dataset/fake/1089_stylegan3.jpg,/home/guilhermemathiasreis/Documents/synthetic-face-detection/training/dataset/real/29_celebhq.jpg,True
1726,2742,2,fake,fake,/home/guilhermemathiasreis/Documents/synthetic-face-detection/training/dataset/fake/138_stylegan2.jpg,/home/guilhermemathiasreis/Documents/synthetic-face-detection/training/dataset/fake/1618_stylegan2.jpg,False
3350,6224,4,fake,fake,/home/guilhermemathiasreis/Documents/synthetic-face-detection/training/dataset/fake/1755_stylegan2.jpg,/home/guilhermemathiasreis/Documents/synthetic-face-detection/training/dataset/fake/600_sd_14.jpg,False
15343,15488,4,real,real,/home/guilhermemathiasreis/Documents/synthetic-face-detection/training/dataset/real/704_ffhq.jpg,/home/guilhermemathiasreis/Documents/synthetic-face-detection/training/dataset/real/770_celebhq.jpg,False
2342,3732,4,fake,fake,/home/guilhermemathiasreis/Documents/synthetic-face-detection/training/dataset/fake/1528_stylegan2.jpg,/home/guilhermemathiasreis/Documents/synthetic-face-detection/training/dataset/fake/1841_sd_14.jpg,False
391,634,4,fake,fake,/home/guilhermemathiasreis/Documents/synthetic-face-detection/training/dataset/fake/1089_stylegan3.jpg,/home/guilhermemathiasreis/Documents/synthetic-face-detection/training/dataset/fake/1143_stylegan2.jpg,False
391,3480,4,fake,fake,/home/guilhermemathiasreis/Documents/synthetic-face-detection/training/dataset/fake/1089_stylegan3.jpg,/home/guilhermemathiasreis/Documents/synthetic-face-detection/training/dataset/fake/1785_sd_14.jpg,False
5352,9114,4,fake,real,/home/guilhermemathiasreis/Documents/synthetic-face-detection/training/dataset/fake/404_sd_14.jpg,/home/guilhermemathiasreis/Documents/synthetic-face-detection/training/dataset/real/1502_celebhq.jpg,True
6458,7479,4,fake,fake,/home/guilhermemathiasreis/Documents/synthetic-face-detection/training/dataset/fake/653_stylegan2.jpg,/home/guilhermemathiasreis/Documents/synthetic-face-detection/training/dataset/fake/883_stylegan3.jpg,False
1326,7391,3,fake,fake,/home/guilhermemathiasreis/Documents/synthetic-face-detection/training/dataset/fake/129_stylegan2.jpg,/home/guilhermemathiasreis/Documents/synthetic-face-detection/training/dataset/fake/863_stylegan3.jpg,False
12479,14681,4,real,real,/home/guilhermemathiasreis/Documents/synthetic-face-detection/training/dataset/real/384_celebhq.jpg,/home/guilhermemathiasreis/Documents/synthetic-face-detection/training/dataset/real/5650_ffhq.jpg,False
3711,8452,1,fake,real,/home/guilhermemathiasreis/Documents/synthetic-face-detection/training/dataset/fake/1836_stylegan3.jpg,/home/guilhermemathiasreis/Documents/synthetic-face-detection/training/dataset/real/1204_celebhq.jpg,True
2902,5839,4,fake,fake,/home/guilhermemathiasreis/Documents/synthetic-face-detection/training/dataset/fake/1654_stylegan2.jpg,/home/guilhermemathiasreis/Documents/synthetic-face-detection/training/dataset/fake/513_stylegan3.jpg,False
2567,3326,4,fake,fake,/home/guilhermemathiasreis/Documents/synthetic-face-detection/training/dataset/fake/1579_stylegan3.jpg,/home/guilhermemathiasreis/Documents/synthetic-face-detection/training/dataset/fake/174_stylegan2.jpg,False
3711,13770,4,fake,real,/home/guilhermemathiasreis/Documents/synthetic-face-detection/training/dataset/fake/1836_stylegan3.jpg,/home/guilhermemathiasreis/Documents/synthetic-face-detection/training/dataset/real/4905_ffhq.jpg,True
1359,6571,3,fake,fake,/home/guilhermemathiasreis/Documents/synthetic-face-detection/training/dataset/fake/1306_stylegan3.jpg,/home/guilhermemathiasreis/Documents/synthetic-face-detection/training/dataset/fake/679_stylegan3.jpg,False
2085,6195,4,fake,fake,/home/guilhermemathiasreis/Documents/synthetic-face-detection/training/dataset/fake/1470_sd_21.jpg,/home/guilhermemathiasreis/Documents/synthetic-face-detection/training/dataset/fake/594_stylegan3.jpg,False
8452,15343,3,real,real,/home/guilhermemathiasreis/Documents/synthetic-face-detection/training/dataset/real/1204_celebhq.jpg,/home/guilhermemathiasreis/Documents/synthetic-face-detection/training/dataset/real/704_ffhq.jpg,False
230,7909,4,fake,fake,/home/guilhermemathiasreis/Documents/synthetic-face-detection/training/dataset/fake/1052_stylegan2.jpg,/home/guilhermemathiasreis/Documents/synthetic-face-detection/training/dataset/fake/980_sd_21.jpg,False
253,10695,3,fake,real,/home/guilhermemathiasreis/Documents/synthetic-face-detection/training/dataset/fake/1058_sd_21.jpg,/home/guilhermemathiasreis/Documents/synthetic-face-detection/training/dataset/real/238_celebhq.jpg,True
1749,3522,3,fake,fake,/home/guilhermemathiasreis/Documents/synthetic-face-detection/training/dataset/fake/1395_sd_21.jpg,/home/guilhermemathiasreis/Documents/synthetic-face-detection/training/dataset/fake/1794_stylegan2.jpg,False
15343,15936,4,real,real,/home/guilhermemathiasreis/Documents/synthetic-face-detection/training/dataset/real/704_ffhq.jpg,/home/guilhermemathiasreis/Documents/synthetic-face-detection/training/dataset/real/972_celebhq.jpg,False
6271,6694,4,fake,fake,/home/guilhermemathiasreis/Documents/synthetic-face-detection/training/dataset/fake/610_stylegan3.jpg,/home/guilhermemathiasreis/Documents/synthetic-face-detection/training/dataset/fake/706_stylegan2.jpg,False
1107,3628,4,fake,fake,/home/guilhermemathiasreis/Documents/synthetic-face-detection/training/dataset/fake/124_stylegan3.jpg,/home/guilhermemathiasreis/Documents/synthetic-face-detection/training/dataset/fake/1818_sd_14.jpg,False
7283,7798,4,fake,fake,/home/guilhermemathiasreis/Documents/synthetic-face-detection/training/dataset/fake/839_stylegan3.jpg,/home/guilhermemathiasreis/Documents/synthetic-face-detection/training/dataset/fake/955_stylegan2.jpg,False
5723,11049,3,fake,real,/home/guilhermemathiasreis/Documents/synthetic-face-detection/training/dataset/fake/488_stylegan3.jpg,/home/guilhermemathiasreis/Documents/synthetic-face-detection/training/dataset/real/267_celebhq.jpg,True
1957,2965,4,fake,fake,/home/guilhermemathiasreis/Documents/synthetic-face-detection/training/dataset/fake/1441_sd_21.jpg,/home/guilhermemathiasreis/Documents/synthetic-face-detection/training/dataset/fake/1669_sd_21.jpg,False
1687,5198,3,fake,fake,/home/guilhermemathiasreis/Documents/synthetic-face-detection/training/dataset/fake/1380_stylegan3.jpg,/home/guilhermemathiasreis/Documents/synthetic-face-detection/training/dataset/fake/36_stylegan2.jpg,False
7283,14255,2,fake,real,/home/guilhermemathiasreis/Documents/synthetic-face-detection/training/dataset/fake/839_stylegan3.jpg,/home/guilhermemathiasreis/Documents/synthetic-face-detection/training/dataset/real/5300_ffhq.jpg,True
9546,15430,4,real,real,/home/guilhermemathiasreis/Documents/synthetic-face-detection/training/dataset/real/1698_celebhq.jpg,/home/guilhermemathiasreis/Documents/synthetic-face-detection/training/dataset/real/744_celebhq.jpg,False
4258,14721,4,fake,real,/home/guilhermemathiasreis/Documents/synthetic-face-detection/training/dataset/fake/195_stylegan2.jpg,/home/guilhermemathiasreis/Documents/synthetic-face-detection/training/dataset/real/5684_ffhq.jpg,True
391,1749,2,fake,fake,/home/guilhermemathiasreis/Documents/synthetic-face-detection/training/dataset/fake/1089_stylegan3.jpg,/home/guilhermemathiasreis/Documents/synthetic-face-detection/training/dataset/fake/1395_sd_21.jpg,False
4347,14681,2,fake,real,/home/guilhermemathiasreis/Documents/synthetic-face-detection/training/dataset/fake/197_stylegan3.jpg,/home/guilhermemathiasreis/Documents/synthetic-face-detection/training/dataset/real/5650_ffhq.jpg,True
1003,10722,4,fake,real,/home/guilhermemathiasreis/Documents/synthetic-face-detection/training/dataset/fake/1226_stylegan3.jpg,/home/guilhermemathiasreis/Documents/synthetic-face-detection/training/dataset/real/240_ffhq.jpg,True
5242,6735,4,fake,fake,/home/guilhermemathiasreis/Documents/synthetic-face-detection/training/dataset/fake/37_stylegan2.jpg,/home/guilhermemathiasreis/Documents/synthetic-face-detection/training/dataset/fake/715_stylegan3.jpg,False
7684,9346,4,fake,real,/home/guilhermemathiasreis/Documents/synthetic-face-detection/training/dataset/fake/92_sd_14.jpg,/home/guilhermemathiasreis/Documents/synthetic-face-detection/training/dataset/real/1607_celebhq.jpg,True
3487,4167,4,fake,fake,/home/guilhermemathiasreis/Documents/synthetic-face-detection/training/dataset/fake/1786_stylegan3.jpg,/home/guilhermemathiasreis/Documents/synthetic-face-detection/training/dataset/fake/1939_stylegan3.jpg,False
5179,11143,4,fake,real,/home/guilhermemathiasreis/Documents/synthetic-face-detection/training/dataset/fake/365_stylegan3.jpg,/home/guilhermemathiasreis/Documents/synthetic-face-detection/training/dataset/real/2756_ffhq.jpg,True
14255,15942,4,real,real,/home/guilhermemathiasreis/Documents/synthetic-face-detection/training/dataset/real/5300_ffhq.jpg,/home/guilhermemathiasreis/Documents/synthetic-face-detection/training/dataset/real/975_celebhq.jpg,False
14255,15194,2,real,real,/home/guilhermemathiasreis/Documents/synthetic-face-detection/training/dataset/real/5300_ffhq.jpg,/home/guilhermemathiasreis/Documents/synthetic-face-detection/training/dataset/real/638_celebhq.jpg,False
7289,13770,4,fake,real,/home/guilhermemathiasreis/Documents/synthetic-face-detection/training/dataset/fake/840_sd_21.jpg,/home/guilhermemathiasreis/Documents/synthetic-face-detection/training/dataset/real/4905_ffhq.jpg,True
2874,5882,3,fake,fake,/home/guilhermemathiasreis/Documents/synthetic-face-detection/training/dataset/fake/1648_stylegan2.jpg,/home/guilhermemathiasreis/Documents/synthetic-face-detection/training/dataset/fake/523_stylegan2.jpg,False
2703,15486,3,fake,real,/home/guilhermemathiasreis/Documents/synthetic-face-detection/training/dataset/fake/1609_stylegan3.jpg,/home/guilhermemathiasreis/Documents/synthetic-face-detection/training/dataset/real/76_celebhq.jpg,True
1819,6049,4,fake,fake,/home/guilhermemathiasreis/Documents/synthetic-face-detection/training/dataset/fake/140_stylegan3.jpg,/home/guilhermemathiasreis/Documents/synthetic-face-detection/training/dataset/fake/561_sd_21.jpg,False
6401,14560,4,fake,real,/home/guilhermemathiasreis/Documents/synthetic-face-detection/training/dataset/fake/640_sd_21.jpg,/home/guilhermemathiasreis/Documents/synthetic-face-detection/training/dataset/real/5551_ffhq.jpg,True
7831,14555,4,fake,real,/home/guilhermemathiasreis/Documents/synthetic-face-detection/training/dataset/fake/962_stylegan3.jpg,/home/guilhermemathiasreis/Documents/synthetic-face-detection/training/dataset/real/5548_ffhq.jpg,True
1307,7789,4,fake,fake,/home/guilhermemathiasreis/Documents/synthetic-face-detection/training/dataset/fake/1295_stylegan3.jpg,/home/guilhermemathiasreis/Documents/synthetic-face-detection/training/dataset/fake/953_sd_21.jpg,False
2965,4089,3,fake,fake,/home/guilhermemathiasreis/Documents/synthetic-face-detection/training/dataset/fake/1669_sd_21.jpg,/home/guilhermemathiasreis/Documents/synthetic-face-detection/training/dataset/fake/1921_sd_21.jpg,False
275,15631,3,fake,real,/home/guilhermemathiasreis/Documents/synthetic-face-detection/training/dataset/fake/1062_stylegan3.jpg,/home/guilhermemathiasreis/Documents/synthetic-face-detection/training/dataset/real/834_ffhq.jpg,True
1767,6973,4,fake,fake,/home/guilhermemathiasreis/Documents/synthetic-face-detection/training/dataset/fake/1399_stylegan3.jpg,/home/guilhermemathiasreis/Documents/synthetic-face-detection/training/dataset/fake/76_sd_21.jpg,False
2902,15802,3,fake,real,/home/guilhermemathiasreis/Documents/synthetic-face-detection/training/dataset/fake/1654_stylegan2.jpg,/home/guilhermemathiasreis/Documents/synthetic-face-detection/training/dataset/real/911_celebhq.jpg,True
3113,13770,4,fake,real,/home/guilhermemathiasreis/Documents/synthetic-face-detection/training/dataset/fake/1701_sd_21.jpg,/home/guilhermemathiasreis/Documents/synthetic-face-detection/training/dataset/real/4905_ffhq.jpg,True
14600,15132,4,real,real,/home/guilhermemathiasreis/Documents/synthetic-face-detection/training/dataset/real/5585_ffhq.jpg,/home/guilhermemathiasreis/Documents/synthetic-face-detection/training/dataset/real/60_celebhq.jpg,False
1996,5179,4,fake,fake,/home/guilhermemathiasreis/Documents/synthetic-face-detection/training/dataset/fake/1450_sd_14.jpg,/home/guilhermemathiasreis/Documents/synthetic-face-detection/training/dataset/fake/365_stylegan3.jpg,False
6915,10695,4,fake,real,/home/guilhermemathiasreis/Documents/synthetic-face-detection/training/dataset/fake/756_stylegan3.jpg,/home/guilhermemathiasreis/Documents/synthetic-face-detection/training/dataset/real/238_celebhq.jpg,True
2406,7065,2,fake,fake,/home/guilhermemathiasreis/Documents/synthetic-face-detection/training/dataset/fake/1542_stylegan2.jpg,/home/guilhermemathiasreis/Documents/synthetic-face-detection/training/dataset/fake/790_sd_21.jpg,False
3628,10008,4,fake,real,/home/guilhermemathiasreis/Documents/synthetic-face-detection/training/dataset/fake/1818_sd_14.jpg,/home/guilhermemathiasreis/Documents/synthetic-face-detection/training/dataset/real/1905_celebhq.jpg,True
5039,6458,4,fake,fake,/home/guilhermemathiasreis/Documents/synthetic-face-detection/training/dataset/fake/333_stylegan3.jpg,/home/guilhermemathiasreis/Documents/synthetic-face-detection/training/dataset/fake/653_stylegan2.jpg,False
5664,7022,3,fake,fake,/home/guilhermemathiasreis/Documents/synthetic-face-detection/training/dataset/fake/475_sd_14.jpg,/home/guilhermemathiasreis/Documents/synthetic-face-detection/training/dataset/fake/780_stylegan2.jpg,False
7289,15942,4,fake,real,/home/guilhermemathiasreis/Documents/synthetic-face-detection/training/dataset/fake/840_sd_21.jpg,/home/guilhermemathiasreis/Documents/synthetic-face-detection/training/dataset/real/975_celebhq.jpg,True
1846,4603,4,fake,fake,/home/guilhermemathiasreis/Documents/synthetic-face-detection/training/dataset/fake/1416_stylegan2.jpg,/home/guilhermemathiasreis/Documents/synthetic-face-detection/training/dataset/fake/235_stylegan3.jpg,False
2751,15194,3,fake,real,/home/guilhermemathiasreis/Documents/synthetic-face-detection/training/dataset/fake/161_stylegan3.jpg,/home/guilhermemathiasreis/Documents/synthetic-face-detection/training/dataset/real/638_celebhq.jpg,True
10186,13959,4,real,real,/home/guilhermemathiasreis/Documents/synthetic-face-detection/training/dataset/real/1986_celebhq.jpg,/home/guilhermemathiasreis/Documents/synthetic-face-detection/training/dataset/real/505_celebhq.jpg,False
3522,15478,2,fake,real,/home/guilhermemathiasreis/Documents/synthetic-face-detection/training/dataset/fake/1794_stylegan2.jpg,/home/guilhermemathiasreis/Documents/synthetic-face-detection/training/dataset/real/766_celebhq.jpg,True
7871,15898,4,fake,real,/home/guilhermemathiasreis/Documents/synthetic-face-detection/training/dataset/fake/971_stylegan3.jpg,/home/guilhermemathiasreis/Documents/synthetic-face-detection/training/dataset/real/955_celebhq.jpg,True
1236,1621,3,fake,fake,/home/guilhermemathiasreis/Documents/synthetic-face-detection/training/dataset/fake/127_sd_14.jpg,/home/guilhermemathiasreis/Documents/synthetic-face-detection/training/dataset/fake/1366_sd_21.jpg,False
491,10593,3,fake,real,/home/guilhermemathiasreis/Documents/synthetic-face-detection/training/dataset/fake/1110_stylegan3.jpg,/home/guilhermemathiasreis/Documents/synthetic-face-detection/training/dataset/real/2304_ffhq.jpg,True
3711,15488,4,fake,real,/home/guilhermemathiasreis/Documents/synthetic-face-detection/training/dataset/fake/1836_stylegan3.jpg,/home/guilhermemathiasreis/Documents/synthetic-face-detection/training/dataset/real/770_celebhq.jpg,True
5198,10593,4,fake,real,/home/guilhermemathiasreis/Documents/synthetic-face-detection/training/dataset/fake/36_stylegan2.jpg,/home/guilhermemathiasreis/Documents/synthetic-face-detection/training/dataset/real/2304_ffhq.jpg,True
4641,7022,4,fake,fake,/home/guilhermemathiasreis/Documents/synthetic-face-detection/training/dataset/fake/244_sd_21.jpg,/home/guilhermemathiasreis/Documents/synthetic-face-detection/training/dataset/fake/780_stylegan2.jpg,False
937,1749,2,fake,fake,/home/guilhermemathiasreis/Documents/synthetic-face-detection/training/dataset/fake/1211_sd_21.jpg,/home/guilhermemathiasreis/Documents/synthetic-face-detection/training/dataset/fake/1395_sd_21.jpg,False
7381,7871,4,fake,fake,/home/guilhermemathiasreis/Documents/synthetic-face-detection/training/dataset/fake/861_sd_21.jpg,/home/guilhermemathiasreis/Documents/synthetic-face-detection/training/dataset/fake/971_stylegan3.jpg,False
5,2902,3,fake,fake,/home/guilhermemathiasreis/Documents/synthetic-face-detection/training/dataset/fake/1001_sd_21.jpg,/home/guilhermemathiasreis/Documents/synthetic-face-detection/training/dataset/fake/1654_stylegan2.jpg,False
5179,15194,4,fake,real,/home/guilhermemathiasreis/Documents/synthetic-face-detection/training/dataset/fake/365_stylegan3.jpg,/home/guilhermemathiasreis/Documents/synthetic-face-detection/training/dataset/real/638_celebhq.jpg,True
9654,10008,3,real,real,/home/guilhermemathiasreis/Documents/synthetic-face-detection/training/dataset/real/1746_celebhq.jpg,/home/guilhermemathiasreis/Documents/synthetic-face-detection/training/dataset/real/1905_celebhq.jpg,False
1996,7798,4,fake,fake,/home/guilhermemathiasreis/Documents/synthetic-face-detection/training/dataset/fake/1450_sd_14.jpg,/home/guilhermemathiasreis/Documents/synthetic-face-detection/training/dataset/fake/955_stylegan2.jpg,False
7141,9628,4,fake,real,/home/guilhermemathiasreis/Documents/synthetic-face-detection/training/dataset/fake/807_sd_21.jpg,/home/guilhermemathiasreis/Documents/synthetic-face-detection/training/dataset/real/1734_celebhq.jpg,True
3339,5352,4,fake,fake,/home/guilhermemathiasreis/Documents/synthetic-face-detection/training/dataset/fake/1752_stylegan3.jpg,/home/guilhermemathiasreis/Documents/synthetic-face-detection/training/dataset/fake/404_sd_14.jpg,False
2085,6555,4,fake,fake,/home/guilhermemathiasreis/Documents/synthetic-face-detection/training/dataset/fake/1470_sd_21.jpg,/home/guilhermemathiasreis/Documents/synthetic-face-detection/training/dataset/fake/675_stylegan3.jpg,False
6458,7831,4,fake,fake,/home/guilhermemathiasreis/Documents/synthetic-face-detection/training/dataset/fake/653_stylegan2.jpg,/home/guilhermemathiasreis/Documents/synthetic-face-detection/training/dataset/fake/962_stylegan3.jpg,False
4191,7022,4,fake,fake,/home/guilhermemathiasreis/Documents/synthetic-face-detection/training/dataset/fake/1944_stylegan3.jpg,/home/guilhermemathiasreis/Documents/synthetic-face-detection/training/dataset/fake/780_stylegan2.jpg,False
4070,15631,4,fake,real,/home/guilhermemathiasreis/Documents/synthetic-face-detection/training/dataset/fake/1917_stylegan2.jpg,/home/guilhermemathiasreis/Documents/synthetic-face-detection/training/dataset/real/834_ffhq.jpg,True
3113,15942,2,fake,real,/home/guilhermemathiasreis/Documents/synthetic-face-detection/training/dataset/fake/1701_sd_21.jpg,/home/guilhermemathiasreis/Documents/synthetic-face-detection/training/dataset/real/975_celebhq.jpg,True
2939,7065,3,fake,fake,/home/guilhermemathiasreis/Documents/synthetic-face-detection/training/dataset/fake/1662_stylegan3.jpg,/home/guilhermemathiasreis/Documents/synthetic-face-detection/training/dataset/fake/790_sd_21.jpg,False
1555,4089,4,fake,fake,/home/guilhermemathiasreis/Documents/synthetic-face-detection/training/dataset/fake/1350_stylegan3.jpg,/home/guilhermemathiasreis/Documents/synthetic-face-detection/training/dataset/fake/1921_sd_21.jpg,False
3113,4159,1,fake,fake,/home/guilhermemathiasreis/Documents/synthetic-face-detection/training/dataset/fake/1701_sd_21.jpg,/home/guilhermemathiasreis/Documents/synthetic-face-detection/training/dataset/fake/1937_stylegan3.jpg,False
2371,7523,4,fake,fake,/home/guilhermemathiasreis/Documents/synthetic-face-detection/training/dataset/fake/1534_stylegan3.jpg,/home/guilhermemathiasreis/Documents/synthetic-face-detection/training/dataset/fake/893_stylegan3.jpg,False
2751,9112,4,fake,real,/home/guilhermemathiasreis/Documents/synthetic-face-detection/training/dataset/fake/161_stylegan3.jpg,/home/guilhermemathiasreis/Documents/synthetic-face-detection/training/dataset/real/1501_celebhq.jpg,True
1996,14255,4,fake,real,/home/guilhermemathiasreis/Documents/synthetic-face-detection/training/dataset/fake/1450_sd_14.jpg,/home/guilhermemathiasreis/Documents/synthetic-face-detection/training/dataset/real/5300_ffhq.jpg,True
6308,8166,4,fake,real,/home/guilhermemathiasreis/Documents/synthetic-face-detection/training/dataset/fake/61_sd_14.jpg,/home/guilhermemathiasreis/Documents/synthetic-face-detection/training/dataset/real/1076_celebhq.jpg,True
3628,7301,3,fake,fake,/home/guilhermemathiasreis/Documents/synthetic-face-detection/training/dataset/fake/1818_sd_14.jpg,/home/guilhermemathiasreis/Documents/synthetic-face-detection/training/dataset/fake/843_sd_21.jpg,False
5009,6737,4,fake,fake,/home/guilhermemathiasreis/Documents/synthetic-face-detection/training/dataset/fake/327_sd_21.jpg,/home/guilhermemathiasreis/Documents/synthetic-face-detection/training/dataset/fake/716_sd_21.jpg,False
235,7589,4,fake,fake,/home/guilhermemathiasreis/Documents/synthetic-face-detection/training/dataset/fake/1053_stylegan3.jpg,/home/guilhermemathiasreis/Documents/synthetic-face-detection/training/dataset/fake/908_sd_21.jpg,False
7798,15824,4,fake,real,/home/guilhermemathiasreis/Documents/synthetic-face-detection/training/dataset/fake/955_stylegan2.jpg,/home/guilhermemathiasreis/Documents/synthetic-face-detection/training/dataset/real/921_celebhq.jpg,True
15194,15824,2,real,real,/home/guilhermemathiasreis/Documents/synthetic-face-detection/training/dataset/real/638_celebhq.jpg,/home/guilhermemathiasreis/Documents/synthetic-face-detection/training/dataset/real/921_celebhq.jpg,False
3415,7913,3,fake,fake,/home/guilhermemathiasreis/Documents/synthetic-face-detection/training/dataset/fake/176_stylegan3.jpg,/home/guilhermemathiasreis/Documents/synthetic-face-detection/training/dataset/fake/981_sd_21.jpg,False
1819,4603,4,fake,fake,/home/guilhermemathiasreis/Documents/synthetic-face-detection/training/dataset/fake/140_stylegan3.jpg,/home/guilhermemathiasreis/Documents/synthetic-face-detection/training/dataset/fake/235_stylegan3.jpg,False
2569,7417,4,fake,fake,/home/guilhermemathiasreis/Documents/synthetic-face-detection/training/dataset/fake/157_sd_21.jpg,/home/guilhermemathiasreis/Documents/synthetic-face-detection/training/dataset/fake/86_sd_21.jpg,False
2427,14726,4,fake,real,/home/guilhermemathiasreis/Documents/synthetic-face-detection/training/dataset/fake/1547_stylegan3.jpg,/home/guilhermemathiasreis/Documents/synthetic-face-detection/training/dataset/real/5689_ffhq.jpg,True
5766,5861,4,fake,fake,/home/guilhermemathiasreis/Documents/synthetic-face-detection/training/dataset/fake/498_stylegan2.jpg,/home/guilhermemathiasreis/Documents/synthetic-face-detection/training/dataset/fake/519_sd_21.jpg,False
8388,9868,4,real,real,/home/guilhermemathiasreis/Documents/synthetic-face-detection/training/dataset/real/1176_celebhq.jpg,/home/guilhermemathiasreis/Documents/synthetic-face-detection/training/dataset/real/1842_celebhq.jpg,False
4726,10296,4,fake,real,/home/guilhermemathiasreis/Documents/synthetic-face-detection/training/dataset/fake/263_stylegan2.jpg,/home/guilhermemathiasreis/Documents/synthetic-face-detection/training/dataset/real/2061_ffhq.jpg,True
275,5411,4,fake,fake,/home/guilhermemathiasreis/Documents/synthetic-face-detection/training/dataset/fake/1062_stylegan3.jpg,/home/guilhermemathiasreis/Documents/synthetic-face-detection/training/dataset/fake/417_stylegan3.jpg,False
4726,13980,4,fake,real,/home/guilhermemathiasreis/Documents/synthetic-face-detection/training/dataset/fake/263_stylegan2.jpg,/home/guilhermemathiasreis/Documents/synthetic-face-detection/training/dataset/real/5077_ffhq.jpg,True
6555,12823,3,fake,real,/home/guilhermemathiasreis/Documents/synthetic-face-detection/training/dataset/fake/675_stylegan3.jpg,/home/guilhermemathiasreis/Documents/synthetic-face-detection/training/dataset/real/412_celebhq.jpg,True
1349,7976,4,fake,fake,/home/guilhermemathiasreis/Documents/synthetic-face-detection/training/dataset/fake/1304_sd_21.jpg,/home/guilhermemathiasreis/Documents/synthetic-face-detection/training/dataset/fake/996_sd_14.jpg,False
3711,13749,4,fake,real,/home/guilhermemathiasreis/Documents/synthetic-face-detection/training/dataset/fake/1836_stylegan3.jpg,/home/guilhermemathiasreis/Documents/synthetic-face-detection/training/dataset/real/488_celebhq.jpg,True
1555,10620,4,fake,real,/home/guilhermemathiasreis/Documents/synthetic-face-detection/training/dataset/fake/1350_stylegan3.jpg,/home/guilhermemathiasreis/Documents/synthetic-face-detection/training/dataset/real/2327_ffhq.jpg,True
5619,8834,4,fake,real,/home/guilhermemathiasreis/Documents/synthetic-face-detection/training/dataset/fake/464_stylegan3.jpg,/home/guilhermemathiasreis/Documents/synthetic-face-detection/training/dataset/real/1377_celebhq.jpg,True
949,4802,4,fake,fake,/home/guilhermemathiasreis/Documents/synthetic-face-detection/training/dataset/fake/1214_sd_21.jpg,/home/guilhermemathiasreis/Documents/synthetic-face-detection/training/dataset/fake/280_stylegan2.jpg,False
3543,15194,4,fake,real,/home/guilhermemathiasreis/Documents/synthetic-face-detection/training/dataset/fake/1799_stylegan3.jpg,/home/guilhermemathiasreis/Documents/synthetic-face-detection/training/dataset/real/638_celebhq.jpg,True
1841,9628,4,fake,real,/home/guilhermemathiasreis/Documents/synthetic-face-detection/training/dataset/fake/1415_sd_21.jpg,/home/guilhermemathiasreis/Documents/synthetic-face-detection/training/dataset/real/1734_celebhq.jpg,True
7798,10856,4,fake,real,/home/guilhermemathiasreis/Documents/synthetic-face-detection/training/dataset/fake/955_stylegan2.jpg,/home/guilhermemathiasreis/Documents/synthetic-face-detection/training/dataset/real/251_ffhq.jpg,True
4639,10618,4,fake,real,/home/guilhermemathiasreis/Documents/synthetic-face-detection/training/dataset/fake/243_stylegan3.jpg,/home/guilhermemathiasreis/Documents/synthetic-face-detection/training/dataset/real/2325_ffhq.jpg,True
2787,10695,4,fake,real,/home/guilhermemathiasreis/Documents/synthetic-face-detection/training/dataset/fake/1628_stylegan3.jpg,/home/guilhermemathiasreis/Documents/synthetic-face-detection/training/dataset/real/238_celebhq.jpg,True
8988,14641,4,real,real,/home/guilhermemathiasreis/Documents/synthetic-face-detection/training/dataset/real/1446_celebhq.jpg,/home/guilhermemathiasreis/Documents/synthetic-face-detection/training/dataset/real/5618_ffhq.jpg,False
482,15420,4,fake,real,/home/guilhermemathiasreis/Documents/synthetic-face-detection/training/dataset/fake/1109_stylegan2.jpg,/home/guilhermemathiasreis/Documents/synthetic-face-detection/training/dataset/real/73_celebhq.jpg,True
2009,6915,2,fake,fake,/home/guilhermemathiasreis/Documents/synthetic-face-detection/training/dataset/fake/1453_sd_21.jpg,/home/guilhermemathiasreis/Documents/synthetic-face-detection/training/dataset/fake/756_stylegan3.jpg,False
5,6571,4,fake,fake,/home/guilhermemathiasreis/Documents/synthetic-face-detection/training/dataset/fake/1001_sd_21.jpg,/home/guilhermemathiasreis/Documents/synthetic-face-detection/training/dataset/fake/679_stylegan3.jpg,False
3113,15488,4,fake,real,/home/guilhermemathiasreis/Documents/synthetic-face-detection/training/dataset/fake/1701_sd_21.jpg,/home/guilhermemathiasreis/Documents/synthetic-face-detection/training/dataset/real/770_celebhq.jpg,True
1996,8832,4,fake,real,/home/guilhermemathiasreis/Documents/synthetic-face-detection/training/dataset/fake/1450_sd_14.jpg,/home/guilhermemathiasreis/Documents/synthetic-face-detection/training/dataset/real/1376_celebhq.jpg,True
7301,8318,3,fake,real,/home/guilhermemathiasreis/Documents/synthetic-face-detection/training/dataset/fake/843_sd_21.jpg,/home/guilhermemathiasreis/Documents/synthetic-face-detection/training/dataset/real/1144_celebhq.jpg,True
6083,10680,4,fake,real,/home/guilhermemathiasreis/Documents/synthetic-face-detection/training/dataset/fake/569_stylegan3.jpg,/home/guilhermemathiasreis/Documents/synthetic-face-detection/training/dataset/real/2377_ffhq.jpg,True
1621,1767,4,fake,fake,/home/guilhermemathiasreis/Documents/synthetic-face-detection/training/dataset/fake/1366_sd_21.jpg,/home/guilhermemathiasreis/Documents/synthetic-face-detection/training/dataset/fake/1399_stylegan3.jpg,False
5664,9114,4,fake,real,/home/guilhermemathiasreis/Documents/synthetic-face-detection/training/dataset/fake/475_sd_14.jpg,/home/guilhermemathiasreis/Documents/synthetic-face-detection/training/dataset/real/1502_celebhq.jpg,True
2293,4885,4,fake,fake,/home/guilhermemathiasreis/Documents/synthetic-face-detection/training/dataset/fake/1517_sd_21.jpg,/home/guilhermemathiasreis/Documents/synthetic-face-detection/training/dataset/fake/29_sd_21.jpg,False
4159,5889,4,fake,fake,/home/guilhermemathiasreis/Documents/synthetic-face-detection/training/dataset/fake/1937_stylegan3.jpg,/home/guilhermemathiasreis/Documents/synthetic-face-detection/training/dataset/fake/525_sd_21.jpg,False
4159,10695,4,fake,real,/home/guilhermemathiasreis/Documents/synthetic-face-detection/training/dataset/fake/1937_stylegan3.jpg,/home/guilhermemathiasreis/Documents/synthetic-face-detection/training/dataset/real/238_celebhq.jpg,True
6973,7301,2,fake,fake,/home/guilhermemathiasreis/Documents/synthetic-face-detection/training/dataset/fake/76_sd_21.jpg,/home/guilhermemathiasreis/Documents/synthetic-face-detection/training/dataset/fake/843_sd_21.jpg,False
2703,13968,4,fake,real,/home/guilhermemathiasreis/Documents/synthetic-face-detection/training/dataset/fake/1609_stylegan3.jpg,/home/guilhermemathiasreis/Documents/synthetic-face-detection/training/dataset/real/5067_ffhq.jpg,True
3480,7301,3,fake,fake,/home/guilhermemathiasreis/Documents/synthetic-face-detection/training/dataset/fake/1785_sd_14.jpg,/home/guilhermemathiasreis/Documents/synthetic-face-detection/training/dataset/fake/843_sd_21.jpg,False
5198,14555,4,fake,real,/home/guilhermemathiasreis/Documents/synthetic-face-detection/training/dataset/fake/36_stylegan2.jpg,/home/guilhermemathiasreis/Documents/synthetic-face-detection/training/dataset/real/5548_ffhq.jpg,True
15264,15824,4,real,real,/home/guilhermemathiasreis/Documents/synthetic-face-detection/training/dataset/real/66_celebhq.jpg,/home/guilhermemathiasreis/Documents/synthetic-face-detection/training/dataset/real/921_celebhq.jpg,False
7379,12909,4,fake,real,/home/guilhermemathiasreis/Documents/synthetic-face-detection/training/dataset/fake/860_stylegan3.jpg,/home/guilhermemathiasreis/Documents/synthetic-face-detection/training/dataset/real/41_celebhq.jpg,True
5549,15430,4,fake,real,/home/guilhermemathiasreis/Documents/synthetic-face-detection/training/dataset/fake/449_sd_21.jpg,/home/guilhermemathiasreis/Documents/synthetic-face-detection/training/dataset/real/744_celebhq.jpg,True
4347,15343,4,fake,real,/home/guilhermemathiasreis/Documents/synthetic-face-detection/training/dataset/fake/197_stylegan3.jpg,/home/guilhermemathiasreis/Documents/synthetic-face-detection/training/dataset/real/704_ffhq.jpg,True
3131,7391,4,fake,fake,/home/guilhermemathiasreis/Documents/synthetic-face-detection/training/dataset/fake/1705_stylegan3.jpg,/home/guilhermemathiasreis/Documents/synthetic-face-detection/training/dataset/fake/863_stylegan3.jpg,False
1684,7099,2,fake,fake,/home/guilhermemathiasreis/Documents/synthetic-face-detection/training/dataset/fake/1380_sd_14.jpg,/home/guilhermemathiasreis/Documents/synthetic-face-detection/training/dataset/fake/798_stylegan3.jpg,False
8396,11289,4,real,real,/home/guilhermemathiasreis/Documents/synthetic-face-detection/training/dataset/real/117_celebhq.jpg,/home/guilhermemathiasreis/Documents/synthetic-face-detection/training/dataset/real/2876_ffhq.jpg,False
5694,5882,3,fake,fake,/home/guilhermemathiasreis/Documents/synthetic-face-detection/training/dataset/fake/481_stylegan2.jpg,/home/guilhermemathiasreis/Documents/synthetic-face-detection/training/dataset/fake/523_stylegan2.jpg,False
7368,7684,4,fake,fake,/home/guilhermemathiasreis/Documents/synthetic-face-detection/training/dataset/fake/859_sd_14.jpg,/home/guilhermemathiasreis/Documents/synthetic-face-detection/training/dataset/fake/92_sd_14.jpg,False
4639,8130,4,fake,real,/home/guilhermemathiasreis/Documents/synthetic-face-detection/training/dataset/fake/243_stylegan3.jpg,/home/guilhermemathiasreis/Documents/synthetic-face-detection/training/dataset/real/105_celebhq.jpg,True
7391,7943,4,fake,fake,/home/guilhermemathiasreis/Documents/synthetic-face-detection/training/dataset/fake/863_stylegan3.jpg,/home/guilhermemathiasreis/Documents/synthetic-face-detection/training/dataset/fake/988_stylegan3.jpg,False
7798,8832,4,fake,real,/home/guilhermemathiasreis/Documents/synthetic-face-detection/training/dataset/fake/955_stylegan2.jpg,/home/guilhermemathiasreis/Documents/synthetic-face-detection/training/dataset/real/1376_celebhq.jpg,True
1023,3113,3,fake,fake,/home/guilhermemathiasreis/Documents/synthetic-face-detection/training/dataset/fake/1230_stylegan3.jpg,/home/guilhermemathiasreis/Documents/synthetic-face-detection/training/dataset/fake/1701_sd_21.jpg,False
2751,8130,4,fake,real,/home/guilhermemathiasreis/Documents/synthetic-face-detection/training/dataset/fake/161_stylegan3.jpg,/home/guilhermemathiasreis/Documents/synthetic-face-detection/training/dataset/real/105_celebhq.jpg,True
306,13678,4,fake,real,/home/guilhermemathiasreis/Documents/synthetic-face-detection/training/dataset/fake/106_stylegan2.jpg,/home/guilhermemathiasreis/Documents/synthetic-face-detection/training/dataset/real/482_ffhq.jpg,True
5914,6506,3,fake,fake,/home/guilhermemathiasreis/Documents/synthetic-face-detection/training/dataset/fake/530_stylegan2.jpg,/home/guilhermemathiasreis/Documents/synthetic-face-detection/training/dataset/fake/664_stylegan2.jpg,False
12125,15946,4,real,real,/home/guilhermemathiasreis/Documents/synthetic-face-detection/training/dataset/real/355_celebhq.jpg,/home/guilhermemathiasreis/Documents/synthetic-face-detection/training/dataset/real/977_celebhq.jpg,False
6064,8979,4,fake,real,/home/guilhermemathiasreis/Documents/synthetic-face-detection/training/dataset/fake/565_sd_14.jpg,/home/guilhermemathiasreis/Documents/synthetic-face-detection/training/dataset/real/1441_ffhq.jpg,True
1821,5179,4,fake,fake,/home/guilhermemathiasreis/Documents/synthetic-face-detection/training/dataset/fake/1410_sd_21.jpg,/home/guilhermemathiasreis/Documents/synthetic-face-detection/training/dataset/fake/365_stylegan3.jpg,False
15344,15420,1,real,real,/home/guilhermemathiasreis/Documents/synthetic-face-detection/training/dataset/real/705_celebhq.jpg,/home/guilhermemathiasreis/Documents/synthetic-face-detection/training/dataset/real/73_celebhq.jpg,False
2751,4154,3,fake,fake,/home/guilhermemathiasreis/Documents/synthetic-face-detection/training/dataset/fake/161_stylegan3.jpg,/home/guilhermemathiasreis/Documents/synthetic-face-detection/training/dataset/fake/1936_stylegan2.jpg,False
4054,15732,4,fake,real,/home/guilhermemathiasreis/Documents/synthetic-face-detection/training/dataset/fake/1913_stylegan2.jpg,/home/guilhermemathiasreis/Documents/synthetic-face-detection/training/dataset/real/880_celebhq.jpg,True
1684,7547,3,fake,fake,/home/guilhermemathiasreis/Documents/synthetic-face-detection/training/dataset/fake/1380_sd_14.jpg,/home/guilhermemathiasreis/Documents/synthetic-face-detection/training/dataset/fake/899_stylegan3.jpg,False
3113,15180,3,fake,real,/home/guilhermemathiasreis/Documents/synthetic-face-detection/training/dataset/fake/1701_sd_21.jpg,/home/guilhermemathiasreis/Documents/synthetic-face-detection/training/dataset/real/631_celebhq.jpg,True
1107,2787,3,fake,fake,/home/guilhermemathiasreis/Documents/synthetic-face-detection/training/dataset/fake/124_stylegan3.jpg,/home/guilhermemathiasreis/Documents/synthetic-face-detection/training/dataset/fake/1628_stylegan3.jpg,False
3843,7789,4,fake,fake,/home/guilhermemathiasreis/Documents/synthetic-face-detection/training/dataset/fake/1866_stylegan3.jpg,/home/guilhermemathiasreis/Documents/synthetic-face-detection/training/dataset/fake/953_sd_21.jpg,False
1841,7141,4,fake,fake,/home/guilhermemathiasreis/Documents/synthetic-face-detection/training/dataset/fake/1415_sd_21.jpg,/home/guilhermemathiasreis/Documents/synthetic-face-detection/training/dataset/fake/807_sd_21.jpg,False
3508,9114,4,fake,real,/home/guilhermemathiasreis/Documents/synthetic-face-detection/training/dataset/fake/1791_sd_14.jpg,/home/guilhermemathiasreis/Documents/synthetic-face-detection/training/dataset/real/1502_celebhq.jpg,True
1958,3113,4,fake,fake,/home/guilhermemathiasreis/Documents/synthetic-face-detection/training/dataset/fake/1441_stylegan2.jpg,/home/guilhermemathiasreis/Documents/synthetic-face-detection/training/dataset/fake/1701_sd_21.jpg,False
1857,2657,4,fake,fake,/home/guilhermemathiasreis/Documents/synthetic-face-detection/training/dataset/fake/1419_sd_21.jpg,/home/guilhermemathiasreis/Documents/synthetic-face-detection/training/dataset/fake/159_sd_21.jpg,False
2979,13639,4,fake,real,/home/guilhermemathiasreis/Documents/synthetic-face-detection/training/dataset/fake/1671_stylegan3.jpg,/home/guilhermemathiasreis/Documents/synthetic-face-detection/training/dataset/real/479_celebhq.jpg,True
8204,8632,4,real,real,/home/guilhermemathiasreis/Documents/synthetic-face-detection/training/dataset/real/1093_celebhq.jpg,/home/guilhermemathiasreis/Documents/synthetic-face-detection/training/dataset/real/1286_celebhq.jpg,False
4447,5573,4,fake,fake,/home/guilhermemathiasreis/Documents/synthetic-face-detection/training/dataset/fake/2000_stylegan3.jpg,/home/guilhermemathiasreis/Documents/synthetic-face-detection/training/dataset/fake/454_sd_21.jpg,False
391,7283,4,fake,fake,/home/guilhermemathiasreis/Documents/synthetic-face-detection/training/dataset/fake/1089_stylegan3.jpg,/home/guilhermemathiasreis/Documents/synthetic-face-detection/training/dataset/fake/839_stylegan3.jpg,False
1832,5664,3,fake,fake,/home/guilhermemathiasreis/Documents/synthetic-face-detection/training/dataset/fake/1413_sd_14.jpg,/home/guilhermemathiasreis/Documents/synthetic-face-detection/training/dataset/fake/475_sd_14.jpg,False
4154,4603,4,fake,fake,/home/guilhermemathiasreis/Documents/synthetic-face-detection/training/dataset/fake/1936_stylegan2.jpg,/home/guilhermemathiasreis/Documents/synthetic-face-detection/training/dataset/fake/235_stylegan3.jpg,False
2809,15623,4,fake,real,/home/guilhermemathiasreis/Documents/synthetic-face-detection/training/dataset/fake/1633_sd_21.jpg,/home/guilhermemathiasreis/Documents/synthetic-face-detection/training/dataset/real/830_ffhq.jpg,True
6571,7831,4,fake,fake,/home/guilhermemathiasreis/Documents/synthetic-face-detection/training/dataset/fake/679_stylegan3.jpg,/home/guilhermemathiasreis/Documents/synthetic-face-detection/training/dataset/fake/962_stylegan3.jpg,False
5889,14255,3,fake,real,/home/guilhermemathiasreis/Documents/synthetic-face-detection/training/dataset/fake/525_sd_21.jpg,/home/guilhermemathiasreis/Documents/synthetic-face-detection/training/dataset/real/5300_ffhq.jpg,True
2834,6479,4,fake,fake,/home/guilhermemathiasreis/Documents/synthetic-face-detection/training/dataset/fake/1639_stylegan2.jpg,/home/guilhermemathiasreis/Documents/synthetic-face-detection/training/dataset/fake/658_stylegan3.jpg,False
3718,5757,3,fake,fake,/home/guilhermemathiasreis/Documents/synthetic-face-detection/training/dataset/fake/1838_stylegan2.jpg,/home/guilhermemathiasreis/Documents/synthetic-face-detection/training/dataset/fake/496_sd_21.jpg,False
167,6307,4,fake,fake,/home/guilhermemathiasreis/Documents/synthetic-face-detection/training/dataset/fake/1038_stylegan3.jpg,/home/guilhermemathiasreis/Documents/synthetic-face-detection/training/dataset/fake/619_stylegan3.jpg,False
10097,13305,4,real,real,/home/guilhermemathiasreis/Documents/synthetic-face-detection/training/dataset/real/1945_ffhq.jpg,/home/guilhermemathiasreis/Documents/synthetic-face-detection/training/dataset/real/4524_ffhq.jpg,False
348,7635,4,fake,fake,/home/guilhermemathiasreis/Documents/synthetic-face-detection/training/dataset/fake/107_sd_14.jpg,/home/guilhermemathiasreis/Documents/synthetic-face-detection/training/dataset/fake/918_stylegan3.jpg,False
7831,8452,3,fake,real,/home/guilhermemathiasreis/Documents/synthetic-face-detection/training/dataset/fake/962_stylegan3.jpg,/home/guilhermemathiasreis/Documents/synthetic-face-detection/training/dataset/real/1204_celebhq.jpg,True
2926,14997,4,fake,real,/home/guilhermemathiasreis/Documents/synthetic-face-detection/training/dataset/fake/165_stylegan2.jpg,/home/guilhermemathiasreis/Documents/synthetic-face-detection/training/dataset/real/590_celebhq.jpg,True
3113,7065,2,fake,fake,/home/guilhermemathiasreis/Documents/synthetic-face-detection/training/dataset/fake/1701_sd_21.jpg,/home/guilhermemathiasreis/Documents/synthetic-face-detection/training/dataset/fake/790_sd_21.jpg,False
3770,8452,4,fake,real,/home/guilhermemathiasreis/Documents/synthetic-face-detection/training/dataset/fake/184_stylegan2.jpg,/home/guilhermemathiasreis/Documents/synthetic-face-detection/training/dataset/real/1204_celebhq.jpg,True
3415,7379,4,fake,fake,/home/guilhermemathiasreis/Documents/synthetic-face-detection/training/dataset/fake/176_stylegan3.jpg,/home/guilhermemathiasreis/Documents/synthetic-face-detection/training/dataset/fake/860_stylegan3.jpg,False
463,1555,3,fake,fake,/home/guilhermemathiasreis/Documents/synthetic-face-detection/training/dataset/fake/1104_stylegan3.jpg,/home/guilhermemathiasreis/Documents/synthetic-face-detection/training/dataset/fake/1350_stylegan3.jpg,False
1767,10620,4,fake,real,/home/guilhermemathiasreis/Documents/synthetic-face-detection/training/dataset/fake/1399_stylegan3.jpg,/home/guilhermemathiasreis/Documents/synthetic-face-detection/training/dataset/real/2327_ffhq.jpg,True
2532,8318,2,fake,real,/home/guilhermemathiasreis/Documents/synthetic-face-detection/training/dataset/fake/1571_sd_14.jpg,/home/guilhermemathiasreis/Documents/synthetic-face-detection/training/dataset/real/1144_celebhq.jpg,True
1326,7283,2,fake,fake,/home/guilhermemathiasreis/Documents/synthetic-face-detection/training/dataset/fake/129_stylegan2.jpg,/home/guilhermemathiasreis/Documents/synthetic-face-detection/training/dataset/fake/839_stylegan3.jpg,False
8042,15430,4,real,real,/home/guilhermemathiasreis/Documents/synthetic-face-detection/training/dataset/real/101_celebhq.jpg,/home/guilhermemathiasreis/Documents/synthetic-face-detection/training/dataset/real/744_celebhq.jpg,False
4159,15942,3,fake,real,/home/guilhermemathiasreis/Documents/synthetic-face-detection/training/dataset/fake/1937_stylegan3.jpg,/home/guilhermemathiasreis/Documents/synthetic-face-detection/training/dataset/real/975_celebhq.jpg,True
2787,2939,4,fake,fake,/home/guilhermemathiasreis/Documents/synthetic-face-detection/training/dataset/fake/1628_stylegan3.jpg,/home/guilhermemathiasreis/Documents/synthetic-face-detection/training/dataset/fake/1662_stylegan3.jpg,False
9152,15180,4,real,real,/home/guilhermemathiasreis/Documents/synthetic-face-detection/training/dataset/real/151_celebhq.jpg,/home/guilhermemathiasreis/Documents/synthetic-face-detection/training/dataset/real/631_celebhq.jpg,False
1351,4579,4,fake,fake,/home/guilhermemathiasreis/Documents/synthetic-face-detection/training/dataset/fake/1304_stylegan3.jpg,/home/guilhermemathiasreis/Documents/synthetic-face-detection/training/dataset/fake/22_stylegan3.jpg,False
5,5882,4,fake,fake,/home/guilhermemathiasreis/Documents/synthetic-face-detection/training/dataset/fake/1001_sd_21.jpg,/home/guilhermemathiasreis/Documents/synthetic-face-detection/training/dataset/fake/523_stylegan2.jpg,False
2095,5864,3,fake,fake,/home/guilhermemathiasreis/Documents/synthetic-face-detection/training/dataset/fake/1472_stylegan3.jpg,/home/guilhermemathiasreis/Documents/synthetic-face-detection/training/dataset/fake/51_sd_14.jpg,False
4911,6354,4,fake,fake,/home/guilhermemathiasreis/Documents/synthetic-face-detection/training/dataset/fake/304_stylegan3.jpg,/home/guilhermemathiasreis/Documents/synthetic-face-detection/training/dataset/fake/62_stylegan2.jpg,False
7798,11143,4,fake,real,/home/guilhermemathiasreis/Documents/synthetic-face-detection/training/dataset/fake/955_stylegan2.jpg,/home/guilhermemathiasreis/Documents/synthetic-face-detection/training/dataset/real/2756_ffhq.jpg,True
631,3339,2,fake,fake,/home/guilhermemathiasreis/Documents/synthetic-face-detection/training/dataset/fake/1142_stylegan3.jpg,/home/guilhermemathiasreis/Documents/synthetic-face-detection/training/dataset/fake/1752_stylegan3.jpg,False
1326,6527,3,fake,fake,/home/guilhermemathiasreis/Documents/synthetic-face-detection/training/dataset/fake/129_stylegan2.jpg,/home/guilhermemathiasreis/Documents/synthetic-face-detection/training/dataset/fake/669_stylegan3.jpg,False
3997,7417,2,fake,fake,/home/guilhermemathiasreis/Documents/synthetic-face-detection/training/dataset/fake/1900_sd_21.jpg,/home/guilhermemathiasreis/Documents/synthetic-face-detection/training/dataset/fake/86_sd_21.jpg,False
949,7789,3,fake,fake,/home/guilhermemathiasreis/Documents/synthetic-face-detection/training/dataset/fake/1214_sd_21.jpg,/home/guilhermemathiasreis/Documents/synthetic-face-detection/training/dataset/fake/953_sd_21.jpg,False
2158,8862,4,fake,real,/home/guilhermemathiasreis/Documents/synthetic-face-detection/training/dataset/fake/1487_stylegan2.jpg,/home/guilhermemathiasreis/Documents/synthetic-face-detection/training/dataset/real/138_celebhq.jpg,True
10695,15343,3,real,real,/home/guilhermemathiasreis/Documents/synthetic-face-detection/training/dataset/real/238_celebhq.jpg,/home/guilhermemathiasreis/Documents/synthetic-face-detection/training/dataset/real/704_ffhq.jpg,False
3113,5179,4,fake,fake,/home/guilhermemathiasreis/Documents/synthetic-face-detection/training/dataset/fake/1701_sd_21.jpg,/home/guilhermemathiasreis/Documents/synthetic-face-detection/training/dataset/fake/365_stylegan3.jpg,False
10745,15623,3,real,real,/home/guilhermemathiasreis/Documents/synthetic-face-detection/training/dataset/real/242_celebhq.jpg,/home/guilhermemathiasreis/Documents/synthetic-face-detection/training/dataset/real/830_ffhq.jpg,False
3671,5863,4,fake,fake,/home/guilhermemathiasreis/Documents/synthetic-face-detection/training/dataset/fake/1827_stylegan3.jpg,/home/guilhermemathiasreis/Documents/synthetic-face-detection/training/dataset/fake/519_stylegan3.jpg,False
7230,10170,4,fake,real,/home/guilhermemathiasreis/Documents/synthetic-face-detection/training/dataset/fake/827_stylegan2.jpg,/home/guilhermemathiasreis/Documents/synthetic-face-detection/training/dataset/real/1979_celebhq.jpg,True
463,1255,4,fake,fake,/home/guilhermemathiasreis/Documents/synthetic-face-detection/training/dataset/fake/1104_stylegan3.jpg,/home/guilhermemathiasreis/Documents/synthetic-face-detection/training/dataset/fake/1283_stylegan3.jpg,False
5995,6973,3,fake,fake,/home/guilhermemathiasreis/Documents/synthetic-face-detection/training/dataset/fake/549_stylegan3.jpg,/home/guilhermemathiasreis/Documents/synthetic-face-detection/training/dataset/fake/76_sd_21.jpg,False
1996,7176,2,fake,fake,/home/guilhermemathiasreis/Documents/synthetic-face-detection/training/dataset/fake/1450_sd_14.jpg,/home/guilhermemathiasreis/Documents/synthetic-face-detection/training/dataset/fake/815_sd_14.jpg,False
1321,15226,4,fake,real,/home/guilhermemathiasreis/Documents/synthetic-face-detection/training/dataset/fake/1299_sd_21.jpg,/home/guilhermemathiasreis/Documents/synthetic-face-detection/training/dataset/real/652_celebhq.jpg,True
5839,6517,4,fake,fake,/home/guilhermemathiasreis/Documents/synthetic-face-detection/training/dataset/fake/513_stylegan3.jpg,/home/guilhermemathiasreis/Documents/synthetic-face-detection/training/dataset/fake/667_sd_21.jpg,False
4571,7824,3,fake,fake,/home/guilhermemathiasreis/Documents/synthetic-face-detection/training/dataset/fake/228_stylegan3.jpg,/home/guilhermemathiasreis/Documents/synthetic-face-detection/training/dataset/fake/961_sd_14.jpg,False
3913,7608,4,fake,fake,/home/guilhermemathiasreis/Documents/synthetic-face-detection/training/dataset/fake/1882_sd_21.jpg,/home/guilhermemathiasreis/Documents/synthetic-face-detection/training/dataset/fake/912_sd_14.jpg,False
6727,15623,1,fake,real,/home/guilhermemathiasreis/Documents/synthetic-face-detection/training/dataset/fake/713_stylegan3.jpg,/home/guilhermemathiasreis/Documents/synthetic-face-detection/training/dataset/real/830_ffhq.jpg,True
3711,6458,2,fake,fake,/home/guilhermemathiasreis/Documents/synthetic-face-detection/training/dataset/fake/1836_stylegan3.jpg,/home/guilhermemathiasreis/Documents/synthetic-face-detection/training/dataset/fake/653_stylegan2.jpg,False
1107,8318,2,fake,real,/home/guilhermemathiasreis/Documents/synthetic-face-detection/training/dataset/fake/124_stylegan3.jpg,/home/guilhermemathiasreis/Documents/synthetic-face-detection/training/dataset/real/1144_celebhq.jpg,True
275,6959,2,fake,fake,/home/guilhermemathiasreis/Documents/synthetic-face-detection/training/dataset/fake/1062_stylegan3.jpg,/home/guilhermemathiasreis/Documents/synthetic-face-detection/training/dataset/fake/766_stylegan3.jpg,False
10170,10820,3,real,real,/home/guilhermemathiasreis/Documents/synthetic-face-detection/training/dataset/real/1979_celebhq.jpg,/home/guilhermemathiasreis/Documents/synthetic-face-detection/training/dataset/real/2491_ffhq.jpg,False
4345,7379,4,fake,fake,/home/guilhermemathiasreis/Documents/synthetic-face-detection/training/dataset/fake/197_sd_21.jpg,/home/guilhermemathiasreis/Documents/synthetic-face-detection/training/dataset/fake/860_stylegan3.jpg,False
4191,9547,4,fake,real,/home/guilhermemathiasreis/Documents/synthetic-face-detection/training/dataset/fake/1944_stylegan3.jpg,/home/guilhermemathiasreis/Documents/synthetic-face-detection/training/dataset/real/1698_ffhq.jpg,True
5315,5726,4,fake,fake,/home/guilhermemathiasreis/Documents/synthetic-face-detection/training/dataset/fake/396_stylegan3.jpg,/home/guilhermemathiasreis/Documents/synthetic-face-detection/training/dataset/fake/489_stylegan2.jpg,False
12125,15631,4,real,real,/home/guilhermemathiasreis/Documents/synthetic-face-detection/training/dataset/real/355_celebhq.jpg,/home/guilhermemathiasreis/Documents/synthetic-face-detection/training/dataset/real/834_ffhq.jpg,False
5995,14105,4,fake,real,/home/guilhermemathiasreis/Documents/synthetic-face-detection/training/dataset/fake/549_stylegan3.jpg,/home/guilhermemathiasreis/Documents/synthetic-face-detection/training/dataset/real/517_celebhq.jpg,True
1996,15194,4,fake,real,/home/guilhermemathiasreis/Documents/synthetic-face-detection/training/dataset/fake/1450_sd_14.jpg,/home/guilhermemathiasreis/Documents/synthetic-face-detection/training/dataset/real/638_celebhq.jpg,True
1107,15824,4,fake,real,/home/guilhermemathiasreis/Documents/synthetic-face-detection/training/dataset/fake/124_stylegan3.jpg,/home/guilhermemathiasreis/Documents/synthetic-face-detection/training/dataset/real/921_celebhq.jpg,True
2758,6823,4,fake,fake,/home/guilhermemathiasreis/Documents/synthetic-face-detection/training/dataset/fake/1621_stylegan2.jpg,/home/guilhermemathiasreis/Documents/synthetic-face-detection/training/dataset/fake/735_stylegan3.jpg,False
5179,14255,4,fake,real,/home/guilhermemathiasreis/Documents/synthetic-face-detection/training/dataset/fake/365_stylegan3.jpg,/home/guilhermemathiasreis/Documents/synthetic-face-detection/training/dataset/real/5300_ffhq.jpg,True
6973,15623,4,fake,real,/home/guilhermemathiasreis/Documents/synthetic-face-detection/training/dataset/fake/76_sd_21.jpg,/home/guilhermemathiasreis/Documents/synthetic-face-detection/training/dataset/real/830_ffhq.jpg,True
6354,7553,3,fake,fake,/home/guilhermemathiasreis/Documents/synthetic-face-detection/training/dataset/fake/62_stylegan2.jpg,/home/guilhermemathiasreis/Documents/synthetic-face-detection/training/dataset/fake/8_sd_21.jpg,False
3903,7913,4,fake,fake,/home/guilhermemathiasreis/Documents/synthetic-face-detection/training/dataset/fake/187_stylegan3.jpg,/home/guilhermemathiasreis/Documents/synthetic-face-detection/training/dataset/fake/981_sd_21.jpg,False
6195,6555,4,fake,fake,/home/guilhermemathiasreis/Documents/synthetic-face-detection/training/dataset/fake/594_stylegan3.jpg,/home/guilhermemathiasreis/Documents/synthetic-face-detection/training/dataset/fake/675_stylegan3.jpg,False
4322,7283,1,fake,fake,/home/guilhermemathiasreis/Documents/synthetic-face-detection/training/dataset/fake/1974_stylegan2.jpg,/home/guilhermemathiasreis/Documents/synthetic-face-detection/training/dataset/fake/839_stylegan3.jpg,False
6727,9403,2,fake,real,/home/guilhermemathiasreis/Documents/synthetic-face-detection/training/dataset/fake/713_stylegan3.jpg,/home/guilhermemathiasreis/Documents/synthetic-face-detection/training/dataset/real/1632_ffhq.jpg,True
6074,7230,4,fake,fake,/home/guilhermemathiasreis/Documents/synthetic-face-detection/training/dataset/fake/567_stylegan2.jpg,/home/guilhermemathiasreis/Documents/synthetic-face-detection/training/dataset/fake/827_stylegan2.jpg,False
4154,9403,2,fake,real,/home/guilhermemathiasreis/Documents/synthetic-face-detection/training/dataset/fake/1936_stylegan2.jpg,/home/guilhermemathiasreis/Documents/synthetic-face-detection/training/dataset/real/1632_ffhq.jpg,True
7289,9970,4,fake,real,/home/guilhermemathiasreis/Documents/synthetic-face-detection/training/dataset/fake/840_sd_21.jpg,/home/guilhermemathiasreis/Documents/synthetic-face-detection/training/dataset/real/1889_celebhq.jpg,True
7798,15942,4,fake,real,/home/guilhermemathiasreis/Documents/synthetic-face-detection/training/dataset/fake/955_stylegan2.jpg,/home/guilhermemathiasreis/Documents/synthetic-face-detection/training/dataset/real/975_celebhq.jpg,True
4030,5177,3,fake,fake,/home/guilhermemathiasreis/Documents/synthetic-face-detection/training/dataset/fake/1908_stylegan2.jpg,/home/guilhermemathiasreis/Documents/synthetic-face-detection/training/dataset/fake/365_sd_21.jpg,False
5673,6650,4,fake,fake,/home/guilhermemathiasreis/Documents/synthetic-face-detection/training/dataset/fake/477_sd_21.jpg,/home/guilhermemathiasreis/Documents/synthetic-face-detection/training/dataset/fake/697_stylegan2.jpg,False
7798,15194,2,fake,real,/home/guilhermemathiasreis/Documents/synthetic-face-detection/training/dataset/fake/955_stylegan2.jpg,/home/guilhermemathiasreis/Documents/synthetic-face-detection/training/dataset/real/638_celebhq.jpg,True
949,3350,4,fake,fake,/home/guilhermemathiasreis/Documents/synthetic-face-detection/training/dataset/fake/1214_sd_21.jpg,/home/guilhermemathiasreis/Documents/synthetic-face-detection/training/dataset/fake/1755_stylegan2.jpg,False
6555,14681,3,fake,real,/home/guilhermemathiasreis/Documents/synthetic-face-detection/training/dataset/fake/675_stylegan3.jpg,/home/guilhermemathiasreis/Documents/synthetic-face-detection/training/dataset/real/5650_ffhq.jpg,True
1767,5889,4,fake,fake,/home/guilhermemathiasreis/Documents/synthetic-face-detection/training/dataset/fake/1399_stylegan3.jpg,/home/guilhermemathiasreis/Documents/synthetic-face-detection/training/dataset/fake/525_sd_21.jpg,False
5889,13639,4,fake,real,/home/guilhermemathiasreis/Documents/synthetic-face-detection/training/dataset/fake/525_sd_21.jpg,/home/guilhermemathiasreis/Documents/synthetic-face-detection/training/dataset/real/479_celebhq.jpg,True
15194,15942,4,real,real,/home/guilhermemathiasreis/Documents/synthetic-face-detection/training/dataset/real/638_celebhq.jpg,/home/guilhermemathiasreis/Documents/synthetic-face-detection/training/dataset/real/975_celebhq.jpg,False
631,9114,4,fake,real,/home/guilhermemathiasreis/Documents/synthetic-face-detection/training/dataset/fake/1142_stylegan3.jpg,/home/guilhermemathiasreis/Documents/synthetic-face-detection/training/dataset/real/1502_celebhq.jpg,True
1255,15200,4,fake,real,/home/guilhermemathiasreis/Documents/synthetic-face-detection/training/dataset/fake/1283_stylegan3.jpg,/home/guilhermemathiasreis/Documents/synthetic-face-detection/training/dataset/real/640_celebhq.jpg,True
491,2751,2,fake,fake,/home/guilhermemathiasreis/Documents/synthetic-face-detection/training/dataset/fake/1110_stylegan3.jpg,/home/guilhermemathiasreis/Documents/synthetic-face-detection/training/dataset/fake/161_stylegan3.jpg,False
6727,10745,2,fake,real,/home/guilhermemathiasreis/Documents/synthetic-face-detection/training/dataset/fake/713_stylegan3.jpg,/home/guilhermemathiasreis/Documents/synthetic-face-detection/training/dataset/real/242_celebhq.jpg,True
275,7261,3,fake,fake,/home/guilhermemathiasreis/Documents/synthetic-face-detection/training/dataset/fake/1062_stylegan3.jpg,/home/guilhermemathiasreis/Documents/synthetic-face-detection/training/dataset/fake/834_sd_21.jpg,False
1819,4347,4,fake,fake,/home/guilhermemathiasreis/Documents/synthetic-face-detection/training/dataset/fake/140_stylegan3.jpg,/home/guilhermemathiasreis/Documents/synthetic-face-detection/training/dataset/fake/197_stylegan3.jpg,False
2751,3522,2,fake,fake,/home/guilhermemathiasreis/Documents/synthetic-face-detection/training/dataset/fake/161_stylegan3.jpg,/home/guilhermemathiasreis/Documents/synthetic-face-detection/training/dataset/fake/1794_stylegan2.jpg,False
8478,9464,4,real,real,/home/guilhermemathiasreis/Documents/synthetic-face-detection/training/dataset/real/1216_celebhq.jpg,/home/guilhermemathiasreis/Documents/synthetic-face-detection/training/dataset/real/1660_celebhq.jpg,False
1197,4089,4,fake,fake,/home/guilhermemathiasreis/Documents/synthetic-face-detection/training/dataset/fake/1270_sd_21.jpg,/home/guilhermemathiasreis/Documents/synthetic-face-detection/training/dataset/fake/1921_sd_21.jpg,False
6517,15802,3,fake,real,/home/guilhermemathiasreis/Documents/synthetic-face-detection/training/dataset/fake/667_sd_21.jpg,/home/guilhermemathiasreis/Documents/synthetic-face-detection/training/dataset/real/911_celebhq.jpg,True
6458,6527,3,fake,fake,/home/guilhermemathiasreis/Documents/synthetic-face-detection/training/dataset/fake/653_stylegan2.jpg,/home/guilhermemathiasreis/Documents/synthetic-face-detection/training/dataset/fake/669_stylegan3.jpg,False
2569,15488,4,fake,real,/home/guilhermemathiasreis/Documents/synthetic-face-detection/training/dataset/fake/157_sd_21.jpg,/home/guilhermemathiasreis/Documents/synthetic-face-detection/training/dataset/real/770_celebhq.jpg,True
491,1767,4,fake,fake,/home/guilhermemathiasreis/Documents/synthetic-face-detection/training/dataset/fake/1110_stylegan3.jpg,/home/guilhermemathiasreis/Documents/synthetic-face-detection/training/dataset/fake/1399_stylegan3.jpg,False
9082,11737,4,real,real,/home/guilhermemathiasreis/Documents/synthetic-face-detection/training/dataset/real/1489_celebhq.jpg,/home/guilhermemathiasreis/Documents/synthetic-face-detection/training/dataset/real/3240_ffhq.jpg,False
391,15824,2,fake,real,/home/guilhermemathiasreis/Documents/synthetic-face-detection/training/dataset/fake/1089_stylegan3.jpg,/home/guilhermemathiasreis/Documents/synthetic-face-detection/training/dataset/real/921_celebhq.jpg,True
379,2095,4,fake,fake,/home/guilhermemathiasreis/Documents/synthetic-face-detection/training/dataset/fake/1086_stylegan3.jpg,/home/guilhermemathiasreis/Documents/synthetic-face-detection/training/dataset/fake/1472_stylegan3.jpg,False
7810,9919,4,fake,real,/home/guilhermemathiasreis/Documents/synthetic-face-detection/training/dataset/fake/958_stylegan2.jpg,/home/guilhermemathiasreis/Documents/synthetic-face-detection/training/dataset/real/1865_ffhq.jpg,True
236,6973,4,fake,fake,/home/guilhermemathiasreis/Documents/synthetic-face-detection/training/dataset/fake/1054_sd_14.jpg,/home/guilhermemathiasreis/Documents/synthetic-face-detection/training/dataset/fake/76_sd_21.jpg,False
1957,2175,3,fake,fake,/home/guilhermemathiasreis/Documents/synthetic-face-detection/training/dataset/fake/1441_sd_21.jpg,/home/guilhermemathiasreis/Documents/synthetic-face-detection/training/dataset/fake/1490_stylegan3.jpg,False
4447,6527,4,fake,fake,/home/guilhermemathiasreis/Documents/synthetic-face-detection/training/dataset/fake/2000_stylegan3.jpg,/home/guilhermemathiasreis/Documents/synthetic-face-detection/training/dataset/fake/669_stylegan3.jpg,False
4347,6914,4,fake,fake,/home/guilhermemathiasreis/Documents/synthetic-face-detection/training/dataset/fake/197_stylegan3.jpg,/home/guilhermemathiasreis/Documents/synthetic-face-detection/training/dataset/fake/756_stylegan2.jpg,False
1639,3326,3,fake,fake,/home/guilhermemathiasreis/Documents/synthetic-face-detection/training/dataset/fake/136_stylegan3.jpg,/home/guilhermemathiasreis/Documents/synthetic-face-detection/training/dataset/fake/174_stylegan2.jpg,False
4070,4195,4,fake,fake,/home/guilhermemathiasreis/Documents/synthetic-face-detection/training/dataset/fake/1917_stylegan2.jpg,/home/guilhermemathiasreis/Documents/synthetic-face-detection/training/dataset/fake/1945_stylegan3.jpg,False
15488,15942,4,real,real,/home/guilhermemathiasreis/Documents/synthetic-face-detection/training/dataset/real/770_celebhq.jpg,/home/guilhermemathiasreis/Documents/synthetic-face-detection/training/dataset/real/975_celebhq.jpg,False
3543,7798,2,fake,fake,/home/guilhermemathiasreis/Documents/synthetic-face-detection/training/dataset/fake/1799_stylegan3.jpg,/home/guilhermemathiasreis/Documents/synthetic-face-detection/training/dataset/fake/955_stylegan2.jpg,False
4885,6387,4,fake,fake,/home/guilhermemathiasreis/Documents/synthetic-face-detection/training/dataset/fake/29_sd_21.jpg,/home/guilhermemathiasreis/Documents/synthetic-face-detection/training/dataset/fake/637_stylegan3.jpg,False
3711,5695,4,fake,fake,/home/guilhermemathiasreis/Documents/synthetic-face-detection/training/dataset/fake/1836_stylegan3.jpg,/home/guilhermemathiasreis/Documents/synthetic-face-detection/training/dataset/fake/481_stylegan3.jpg,False
5198,14681,4,fake,real,/home/guilhermemathiasreis/Documents/synthetic-face-detection/training/dataset/fake/36_stylegan2.jpg,/home/guilhermemathiasreis/Documents/synthetic-face-detection/training/dataset/real/5650_ffhq.jpg,True
4347,9240,3,fake,real,/home/guilhermemathiasreis/Documents/synthetic-face-detection/training/dataset/fake/197_stylegan3.jpg,/home/guilhermemathiasreis/Documents/synthetic-face-detection/training/dataset/real/155_celebhq.jpg,True
4159,15180,4,fake,real,/home/guilhermemathiasreis/Documents/synthetic-face-detection/training/dataset/fake/1937_stylegan3.jpg,/home/guilhermemathiasreis/Documents/synthetic-face-detection/training/dataset/real/631_celebhq.jpg,True
2009,2902,4,fake,fake,/home/guilhermemathiasreis/Documents/synthetic-face-detection/training/dataset/fake/1453_sd_21.jpg,/home/guilhermemathiasreis/Documents/synthetic-face-detection/training/dataset/fake/1654_stylegan2.jpg,False
4933,8028,3,fake,real,/home/guilhermemathiasreis/Documents/synthetic-face-detection/training/dataset/fake/30_sd_21.jpg,/home/guilhermemathiasreis/Documents/synthetic-face-detection/training/dataset/real/1013_celebhq.jpg,True
3543,14255,4,fake,real,/home/guilhermemathiasreis/Documents/synthetic-face-detection/training/dataset/fake/1799_stylegan3.jpg,/home/guilhermemathiasreis/Documents/synthetic-face-detection/training/dataset/real/5300_ffhq.jpg,True
9506,11403,3,real,real,/home/guilhermemathiasreis/Documents/synthetic-face-detection/training/dataset/real/167_celebhq.jpg,/home/guilhermemathiasreis/Documents/synthetic-face-detection/training/dataset/real/296_celebhq.jpg,False
2874,5694,4,fake,fake,/home/guilhermemathiasreis/Documents/synthetic-face-detection/training/dataset/fake/1648_stylegan2.jpg,/home/guilhermemathiasreis/Documents/synthetic-face-detection/training/dataset/fake/481_stylegan2.jpg,False
1023,3174,4,fake,fake,/home/guilhermemathiasreis/Documents/synthetic-face-detection/training/dataset/fake/1230_stylegan3.jpg,/home/guilhermemathiasreis/Documents/synthetic-face-detection/training/dataset/fake/1715_stylegan2.jpg,False
2532,4401,4,fake,fake,/home/guilhermemathiasreis/Documents/synthetic-face-detection/training/dataset/fake/1571_sd_14.jpg,/home/guilhermemathiasreis/Documents/synthetic-face-detection/training/dataset/fake/1992_sd_21.jpg,False
2659,4070,4,fake,fake,/home/guilhermemathiasreis/Documents/synthetic-face-detection/training/dataset/fake/159_stylegan3.jpg,/home/guilhermemathiasreis/Documents/synthetic-face-detection/training/dataset/fake/1917_stylegan2.jpg,False
1607,6049,3,fake,fake,/home/guilhermemathiasreis/Documents/synthetic-face-detection/training/dataset/fake/1362_stylegan3.jpg,/home/guilhermemathiasreis/Documents/synthetic-face-detection/training/dataset/fake/561_sd_21.jpg,False
468,13300,1,fake,real,/home/guilhermemathiasreis/Documents/synthetic-face-detection/training/dataset/fake/1106_sd_14.jpg,/home/guilhermemathiasreis/Documents/synthetic-face-detection/training/dataset/real/451_ffhq.jpg,True
1236,3294,4,fake,fake,/home/guilhermemathiasreis/Documents/synthetic-face-detection/training/dataset/fake/127_sd_14.jpg,/home/guilhermemathiasreis/Documents/synthetic-face-detection/training/dataset/fake/1742_stylegan2.jpg,False
4154,11258,4,fake,real,/home/guilhermemathiasreis/Documents/synthetic-face-detection/training/dataset/fake/1936_stylegan2.jpg,/home/guilhermemathiasreis/Documents/synthetic-face-detection/training/dataset/real/284_ffhq.jpg,True
3174,5864,4,fake,fake,/home/guilhermemathiasreis/Documents/synthetic-face-detection/training/dataset/fake/1715_stylegan2.jpg,/home/guilhermemathiasreis/Documents/synthetic-face-detection/training/dataset/fake/51_sd_14.jpg,False
486,4083,4,fake,fake,/home/guilhermemathiasreis/Documents/synthetic-face-detection/training/dataset/fake/110_stylegan2.jpg,/home/guilhermemathiasreis/Documents/synthetic-face-detection/training/dataset/fake/191_stylegan3.jpg,False
1767,9403,3,fake,real,/home/guilhermemathiasreis/Documents/synthetic-face-detection/training/dataset/fake/1399_stylegan3.jpg,/home/guilhermemathiasreis/Documents/synthetic-face-detection/training/dataset/real/1632_ffhq.jpg,True
491,1996,3,fake,fake,/home/guilhermemathiasreis/Documents/synthetic-face-detection/training/dataset/fake/1110_stylegan3.jpg,/home/guilhermemathiasreis/Documents/synthetic-face-detection/training/dataset/fake/1450_sd_14.jpg,False
7831,15343,4,fake,real,/home/guilhermemathiasreis/Documents/synthetic-face-detection/training/dataset/fake/962_stylegan3.jpg,/home/guilhermemathiasreis/Documents/synthetic-face-detection/training/dataset/real/704_ffhq.jpg,True
5882,6517,3,fake,fake,/home/guilhermemathiasreis/Documents/synthetic-face-detection/training/dataset/fake/523_stylegan2.jpg,/home/guilhermemathiasreis/Documents/synthetic-face-detection/training/dataset/fake/667_sd_21.jpg,False
4258,15420,4,fake,real,/home/guilhermemathiasreis/Documents/synthetic-face-detection/training/dataset/fake/195_stylegan2.jpg,/home/guilhermemathiasreis/Documents/synthetic-face-detection/training/dataset/real/73_celebhq.jpg,True
4159,7065,3,fake,fake,/home/guilhermemathiasreis/Documents/synthetic-face-detection/training/dataset/fake/1937_stylegan3.jpg,/home/guilhermemathiasreis/Documents/synthetic-face-detection/training/dataset/fake/790_sd_21.jpg,False
6662,10953,4,fake,real,/home/guilhermemathiasreis/Documents/synthetic-face-detection/training/dataset/fake/69_stylegan2.jpg,/home/guilhermemathiasreis/Documents/synthetic-face-detection/training/dataset/real/25_celebhq.jpg,True
1654,3326,4,fake,fake,/home/guilhermemathiasreis/Documents/synthetic-face-detection/training/dataset/fake/1373_stylegan2.jpg,/home/guilhermemathiasreis/Documents/synthetic-face-detection/training/dataset/fake/174_stylegan2.jpg,False
596,9546,4,fake,real,/home/guilhermemathiasreis/Documents/synthetic-face-detection/training/dataset/fake/1135_sd_14.jpg,/home/guilhermemathiasreis/Documents/synthetic-face-detection/training/dataset/real/1698_celebhq.jpg,True
4014,4603,3,fake,fake,/home/guilhermemathiasreis/Documents/synthetic-face-detection/training/dataset/fake/1904_stylegan2.jpg,/home/guilhermemathiasreis/Documents/synthetic-face-detection/training/dataset/fake/235_stylegan3.jpg,False
4911,10008,4,fake,real,/home/guilhermemathiasreis/Documents/synthetic-face-detection/training/dataset/fake/304_stylegan3.jpg,/home/guilhermemathiasreis/Documents/synthetic-face-detection/training/dataset/real/1905_celebhq.jpg,True
3522,9947,4,fake,real,/home/guilhermemathiasreis/Documents/synthetic-face-detection/training/dataset/fake/1794_stylegan2.jpg,/home/guilhermemathiasreis/Documents/synthetic-face-detection/training/dataset/real/1878_ffhq.jpg,True
507,1326,4,fake,fake,/home/guilhermemathiasreis/Documents/synthetic-face-detection/training/dataset/fake/1114_stylegan3.jpg,/home/guilhermemathiasreis/Documents/synthetic-face-detection/training/dataset/fake/129_stylegan2.jpg,False
6354,7913,3,fake,fake,/home/guilhermemathiasreis/Documents/synthetic-face-detection/training/dataset/fake/62_stylegan2.jpg,/home/guilhermemathiasreis/Documents/synthetic-face-detection/training/dataset/fake/981_sd_21.jpg,False
1023,2939,4,fake,fake,/home/guilhermemathiasreis/Documents/synthetic-face-detection/training/dataset/fake/1230_stylegan3.jpg,/home/guilhermemathiasreis/Documents/synthetic-face-detection/training/dataset/fake/1662_stylegan3.jpg,False
2134,2347,3,fake,fake,/home/guilhermemathiasreis/Documents/synthetic-face-detection/training/dataset/fake/1481_stylegan2.jpg,/home/guilhermemathiasreis/Documents/synthetic-face-detection/training/dataset/fake/1529_stylegan3.jpg,False
7283,15174,2,fake,real,/home/guilhermemathiasreis/Documents/synthetic-face-detection/training/dataset/fake/839_stylegan3.jpg,/home/guilhermemathiasreis/Documents/synthetic-face-detection/training/dataset/real/629_celebhq.jpg,True
4879,5370,3,fake,fake,/home/guilhermemathiasreis/Documents/synthetic-face-detection/training/dataset/fake/298_stylegan3.jpg,/home/guilhermemathiasreis/Documents/synthetic-face-detection/training/dataset/fake/408_stylegan2.jpg,False
3480,6973,1,fake,fake,/home/guilhermemathiasreis/Documents/synthetic-face-detection/training/dataset/fake/1785_sd_14.jpg,/home/guilhermemathiasreis/Documents/synthetic-face-detection/training/dataset/fake/76_sd_21.jpg,False
8086,8688,3,real,real,/home/guilhermemathiasreis/Documents/synthetic-face-detection/training/dataset/real/103_celebhq.jpg,/home/guilhermemathiasreis/Documents/synthetic-face-detection/training/dataset/real/1310_celebhq.jpg,False
5198,5664,4,fake,fake,/home/guilhermemathiasreis/Documents/synthetic-face-detection/training/dataset/fake/36_stylegan2.jpg,/home/guilhermemathiasreis/Documents/synthetic-face-detection/training/dataset/fake/475_sd_14.jpg,False
4911,13473,4,fake,real,/home/guilhermemathiasreis/Documents/synthetic-face-detection/training/dataset/fake/304_stylegan3.jpg,/home/guilhermemathiasreis/Documents/synthetic-face-detection/training/dataset/real/4662_ffhq.jpg,True
1958,7289,4,fake,fake,/home/guilhermemathiasreis/Documents/synthetic-face-detection/training/dataset/fake/1441_stylegan2.jpg,/home/guilhermemathiasreis/Documents/synthetic-face-detection/training/dataset/fake/840_sd_21.jpg,False
1821,7176,4,fake,fake,/home/guilhermemathiasreis/Documents/synthetic-face-detection/training/dataset/fake/1410_sd_21.jpg,/home/guilhermemathiasreis/Documents/synthetic-face-detection/training/dataset/fake/815_sd_14.jpg,False
1821,1996,4,fake,fake,/home/guilhermemathiasreis/Documents/synthetic-face-detection/training/dataset/fake/1410_sd_21.jpg,/home/guilhermemathiasreis/Documents/synthetic-face-detection/training/dataset/fake/1450_sd_14.jpg,False
2342,3522,2,fake,fake,/home/guilhermemathiasreis/Documents/synthetic-face-detection/training/dataset/fake/1528_stylegan2.jpg,/home/guilhermemathiasreis/Documents/synthetic-face-detection/training/dataset/fake/1794_stylegan2.jpg,False
4054,15631,4,fake,real,/home/guilhermemathiasreis/Documents/synthetic-face-detection/training/dataset/fake/1913_stylegan2.jpg,/home/guilhermemathiasreis/Documents/synthetic-face-detection/training/dataset/real/834_ffhq.jpg,True
1697,7976,4,fake,fake,/home/guilhermemathiasreis/Documents/synthetic-face-detection/training/dataset/fake/1383_sd_21.jpg,/home/guilhermemathiasreis/Documents/synthetic-face-detection/training/dataset/fake/996_sd_14.jpg,False
2191,7492,4,fake,fake,/home/guilhermemathiasreis/Documents/synthetic-face-detection/training/dataset/fake/1494_stylegan3.jpg,/home/guilhermemathiasreis/Documents/synthetic-face-detection/training/dataset/fake/887_sd_14.jpg,False
4089,9240,4,fake,real,/home/guilhermemathiasreis/Documents/synthetic-face-detection/training/dataset/fake/1921_sd_21.jpg,/home/guilhermemathiasreis/Documents/synthetic-face-detection/training/dataset/real/155_celebhq.jpg,True
2679,8480,3,fake,real,/home/guilhermemathiasreis/Documents/synthetic-face-detection/training/dataset/fake/1603_stylegan3.jpg,/home/guilhermemathiasreis/Documents/synthetic-face-detection/training/dataset/real/1217_celebhq.jpg,True
3727,4506,4,fake,fake,/home/guilhermemathiasreis/Documents/synthetic-face-detection/training/dataset/fake/183_stylegan3.jpg,/home/guilhermemathiasreis/Documents/synthetic-face-detection/training/dataset/fake/213_stylegan2.jpg,False
596,15174,4,fake,real,/home/guilhermemathiasreis/Documents/synthetic-face-detection/training/dataset/fake/1135_sd_14.jpg,/home/guilhermemathiasreis/Documents/synthetic-face-detection/training/dataset/real/629_celebhq.jpg,True
3480,14105,4,fake,real,/home/guilhermemathiasreis/Documents/synthetic-face-detection/training/dataset/fake/1785_sd_14.jpg,/home/guilhermemathiasreis/Documents/synthetic-face-detection/training/dataset/real/517_celebhq.jpg,True
4757,4809,4,fake,fake,/home/guilhermemathiasreis/Documents/synthetic-face-detection/training/dataset/fake/270_sd_21.jpg,/home/guilhermemathiasreis/Documents/synthetic-face-detection/training/dataset/fake/282_sd_21.jpg,False
7261,15631,4,fake,real,/home/guilhermemathiasreis/Documents/synthetic-face-detection/training/dataset/fake/834_sd_21.jpg,/home/guilhermemathiasreis/Documents/synthetic-face-detection/training/dataset/real/834_ffhq.jpg,True
2787,8318,3,fake,real,/home/guilhermemathiasreis/Documents/synthetic-face-detection/training/dataset/fake/1628_stylegan3.jpg,/home/guilhermemathiasreis/Documents/synthetic-face-detection/training/dataset/real/1144_celebhq.jpg,True
4322,14255,3,fake,real,/home/guilhermemathiasreis/Documents/synthetic-face-detection/training/dataset/fake/1974_stylegan2.jpg,/home/guilhermemathiasreis/Documents/synthetic-face-detection/training/dataset/real/5300_ffhq.jpg,True
10154,14681,4,real,real,/home/guilhermemathiasreis/Documents/synthetic-face-detection/training/dataset/real/1971_celebhq.jpg,/home/guilhermemathiasreis/Documents/synthetic-face-detection/training/dataset/real/5650_ffhq.jpg,False
5632,7888,4,fake,fake,/home/guilhermemathiasreis/Documents/synthetic-face-detection/training/dataset/fake/468_sd_14.jpg,/home/guilhermemathiasreis/Documents/synthetic-face-detection/training/dataset/fake/976_sd_14.jpg,False
4597,10008,3,fake,real,/home/guilhermemathiasreis/Documents/synthetic-face-detection/training/dataset/fake/234_sd_21.jpg,/home/guilhermemathiasreis/Documents/synthetic-face-detection/training/dataset/real/1905_celebhq.jpg,True
8676,15426,4,real,real,/home/guilhermemathiasreis/Documents/synthetic-face-detection/training/dataset/real/1305_celebhq.jpg,/home/guilhermemathiasreis/Documents/synthetic-face-detection/training/dataset/real/742_celebhq.jpg,False
2902,5694,4,fake,fake,/home/guilhermemathiasreis/Documents/synthetic-face-detection/training/dataset/fake/1654_stylegan2.jpg,/home/guilhermemathiasreis/Documents/synthetic-face-detection/training/dataset/fake/481_stylegan2.jpg,False
176,2787,4,fake,fake,/home/guilhermemathiasreis/Documents/synthetic-face-detection/training/dataset/fake/1040_sd_14.jpg,/home/guilhermemathiasreis/Documents/synthetic-face-detection/training/dataset/fake/1628_stylegan3.jpg,False
639,10374,4,fake,real,/home/guilhermemathiasreis/Documents/synthetic-face-detection/training/dataset/fake/1144_stylegan3.jpg,/home/guilhermemathiasreis/Documents/synthetic-face-detection/training/dataset/real/2125_ffhq.jpg,True
9950,15420,3,real,real,/home/guilhermemathiasreis/Documents/synthetic-face-detection/training/dataset/real/187_celebhq.jpg,/home/guilhermemathiasreis/Documents/synthetic-face-detection/training/dataset/real/73_celebhq.jpg,False
1107,2979,3,fake,fake,/home/guilhermemathiasreis/Documents/synthetic-face-detection/training/dataset/fake/124_stylegan3.jpg,/home/guilhermemathiasreis/Documents/synthetic-face-detection/training/dataset/fake/1671_stylegan3.jpg,False
9970,15942,4,real,real,/home/guilhermemathiasreis/Documents/synthetic-face-detection/training/dataset/real/1889_celebhq.jpg,/home/guilhermemathiasreis/Documents/synthetic-face-detection/training/dataset/real/975_celebhq.jpg,False
548,9004,3,fake,real,/home/guilhermemathiasreis/Documents/synthetic-face-detection/training/dataset/fake/1124_sd_14.jpg,/home/guilhermemathiasreis/Documents/synthetic-face-detection/training/dataset/real/1453_celebhq.jpg,True
4154,6527,1,fake,fake,/home/guilhermemathiasreis/Documents/synthetic-face-detection/training/dataset/fake/1936_stylegan2.jpg,/home/guilhermemathiasreis/Documents/synthetic-face-detection/training/dataset/fake/669_stylegan3.jpg,False
2406,3113,4,fake,fake,/home/guilhermemathiasreis/Documents/synthetic-face-detection/training/dataset/fake/1542_stylegan2.jpg,/home/guilhermemathiasreis/Documents/synthetic-face-detection/training/dataset/fake/1701_sd_21.jpg,False
4757,10656,4,fake,real,/home/guilhermemathiasreis/Documents/synthetic-face-detection/training/dataset/fake/270_sd_21.jpg,/home/guilhermemathiasreis/Documents/synthetic-face-detection/training/dataset/real/2357_ffhq.jpg,True
8696,15802,4,real,real,/home/guilhermemathiasreis/Documents/synthetic-face-detection/training/dataset/real/1314_celebhq.jpg,/home/guilhermemathiasreis/Documents/synthetic-face-detection/training/dataset/real/911_celebhq.jpg,False
6099,6218,4,fake,fake,/home/guilhermemathiasreis/Documents/synthetic-face-detection/training/dataset/fake/572_stylegan3.jpg,/home/guilhermemathiasreis/Documents/synthetic-face-detection/training/dataset/fake/59_stylegan2.jpg,False
2979,3845,3,fake,fake,/home/guilhermemathiasreis/Documents/synthetic-face-detection/training/dataset/fake/1671_stylegan3.jpg,/home/guilhermemathiasreis/Documents/synthetic-face-detection/training/dataset/fake/1867_sd_21.jpg,False
3245,3480,4,fake,fake,/home/guilhermemathiasreis/Documents/synthetic-face-detection/training/dataset/fake/1731_sd_21.jpg,/home/guilhermemathiasreis/Documents/synthetic-face-detection/training/dataset/fake/1785_sd_14.jpg,False
1607,1684,4,fake,fake,/home/guilhermemathiasreis/Documents/synthetic-face-detection/training/dataset/fake/1362_stylegan3.jpg,/home/guilhermemathiasreis/Documents/synthetic-face-detection/training/dataset/fake/1380_sd_14.jpg,False
2398,4450,4,fake,fake,/home/guilhermemathiasreis/Documents/synthetic-face-detection/training/dataset/fake/1540_stylegan2.jpg,/home/guilhermemathiasreis/Documents/synthetic-face-detection/training/dataset/fake/200_stylegan2.jpg,False
11441,15824,4,real,real,/home/guilhermemathiasreis/Documents/synthetic-face-detection/training/dataset/real/29_celebhq.jpg,/home/guilhermemathiasreis/Documents/synthetic-face-detection/training/dataset/real/921_celebhq.jpg,False
5,15986,4,fake,real,/home/guilhermemathiasreis/Documents/synthetic-face-detection/training/dataset/fake/1001_sd_21.jpg,/home/guilhermemathiasreis/Documents/synthetic-face-detection/training/dataset/real/995_celebhq.jpg,True
2965,7798,4,fake,fake,/home/guilhermemathiasreis/Documents/synthetic-face-detection/training/dataset/fake/1669_sd_21.jpg,/home/guilhermemathiasreis/Documents/synthetic-face-detection/training/dataset/fake/955_stylegan2.jpg,False
1577,3711,4,fake,fake,/home/guilhermemathiasreis/Documents/synthetic-face-detection/training/dataset/fake/1356_sd_21.jpg,/home/guilhermemathiasreis/Documents/synthetic-face-detection/training/dataset/fake/1836_stylegan3.jpg,False
1698,4014,4,fake,fake,/home/guilhermemathiasreis/Documents/synthetic-face-detection/training/dataset/fake/1383_stylegan2.jpg,/home/guilhermemathiasreis/Documents/synthetic-face-detection/training/dataset/fake/1904_stylegan2.jpg,False
391,937,4,fake,fake,/home/guilhermemathiasreis/Documents/synthetic-face-detection/training/dataset/fake/1089_stylegan3.jpg,/home/guilhermemathiasreis/Documents/synthetic-face-detection/training/dataset/fake/1211_sd_21.jpg,False
13639,15343,3,real,real,/home/guilhermemathiasreis/Documents/synthetic-face-detection/training/dataset/real/479_celebhq.jpg,/home/guilhermemathiasreis/Documents/synthetic-face-detection/training/dataset/real/704_ffhq.jpg,False
6959,15928,4,fake,real,/home/guilhermemathiasreis/Documents/synthetic-face-detection/training/dataset/fake/766_stylegan3.jpg,/home/guilhermemathiasreis/Documents/synthetic-face-detection/training/dataset/real/969_celebhq.jpg,True
6973,10186,2,fake,real,/home/guilhermemathiasreis/Documents/synthetic-face-detection/training/dataset/fake/76_sd_21.jpg,/home/guilhermemathiasreis/Documents/synthetic-face-detection/training/dataset/real/1986_celebhq.jpg,True
7703,10008,4,fake,real,/home/guilhermemathiasreis/Documents/synthetic-face-detection/training/dataset/fake/933_stylegan3.jpg,/home/guilhermemathiasreis/Documents/synthetic-face-detection/training/dataset/real/1905_celebhq.jpg,True
5286,15270,4,fake,real,/home/guilhermemathiasreis/Documents/synthetic-face-detection/training/dataset/fake/38_stylegan2.jpg,/home/guilhermemathiasreis/Documents/synthetic-face-detection/training/dataset/real/672_celebhq.jpg,True
13770,15942,2,real,real,/home/guilhermemathiasreis/Documents/synthetic-face-detection/training/dataset/real/4905_ffhq.jpg,/home/guilhermemathiasreis/Documents/synthetic-face-detection/training/dataset/real/975_celebhq.jpg,False
3480,10186,3,fake,real,/home/guilhermemathiasreis/Documents/synthetic-face-detection/training/dataset/fake/1785_sd_14.jpg,/home/guilhermemathiasreis/Documents/synthetic-face-detection/training/dataset/real/1986_celebhq.jpg,True
11663,12542,4,real,real,/home/guilhermemathiasreis/Documents/synthetic-face-detection/training/dataset/real/3180_ffhq.jpg,/home/guilhermemathiasreis/Documents/synthetic-face-detection/training/dataset/real/38_ffhq.jpg,False
10695,11403,3,real,real,/home/guilhermemathiasreis/Documents/synthetic-face-detection/training/dataset/real/238_celebhq.jpg,/home/guilhermemathiasreis/Documents/synthetic-face-detection/training/dataset/real/296_celebhq.jpg,False
4879,5664,4,fake,fake,/home/guilhermemathiasreis/Documents/synthetic-face-detection/training/dataset/fake/298_stylegan3.jpg,/home/guilhermemathiasreis/Documents/synthetic-face-detection/training/dataset/fake/475_sd_14.jpg,False
2939,15343,3,fake,real,/home/guilhermemathiasreis/Documents/synthetic-face-detection/training/dataset/fake/1662_stylegan3.jpg,/home/guilhermemathiasreis/Documents/synthetic-face-detection/training/dataset/real/704_ffhq.jpg,True
2922,7475,4,fake,fake,/home/guilhermemathiasreis/Documents/synthetic-face-detection/training/dataset/fake/1659_stylegan2.jpg,/home/guilhermemathiasreis/Documents/synthetic-face-detection/training/dataset/fake/882_stylegan3.jpg,False
8187,15431,4,real,real,/home/guilhermemathiasreis/Documents/synthetic-face-detection/training/dataset/real/1085_ffhq.jpg,/home/guilhermemathiasreis/Documents/synthetic-face-detection/training/dataset/real/744_ffhq.jpg,False
1326,15200,4,fake,real,/home/guilhermemathiasreis/Documents/synthetic-face-detection/training/dataset/fake/129_stylegan2.jpg,/home/guilhermemathiasreis/Documents/synthetic-face-detection/training/dataset/real/640_celebhq.jpg,True
253,7176,4,fake,fake,/home/guilhermemathiasreis/Documents/synthetic-face-detection/training/dataset/fake/1058_sd_21.jpg,/home/guilhermemathiasreis/Documents/synthetic-face-detection/training/dataset/fake/815_sd_14.jpg,False
2939,3113,1,fake,fake,/home/guilhermemathiasreis/Documents/synthetic-face-detection/training/dataset/fake/1662_stylegan3.jpg,/home/guilhermemathiasreis/Documents/synthetic-face-detection/training/dataset/fake/1701_sd_21.jpg,False
2009,10695,4,fake,real,/home/guilhermemathiasreis/Documents/synthetic-face-detection/training/dataset/fake/1453_sd_21.jpg,/home/guilhermemathiasreis/Documents/synthetic-face-detection/training/dataset/real/238_celebhq.jpg,True
5694,8832,3,fake,real,/home/guilhermemathiasreis/Documents/synthetic-face-detection/training/dataset/fake/481_stylegan2.jpg,/home/guilhermemathiasreis/Documents/synthetic-face-detection/training/dataset/real/1376_celebhq.jpg,True
469,633,4,fake,fake,/home/guilhermemathiasreis/Documents/synthetic-face-detection/training/dataset/fake/1106_sd_21.jpg,/home/guilhermemathiasreis/Documents/synthetic-face-detection/training/dataset/fake/1143_sd_21.jpg,False
12350,15936,4,real,real,/home/guilhermemathiasreis/Documents/synthetic-face-detection/training/dataset/real/3743_ffhq.jpg,/home/guilhermemathiasreis/Documents/synthetic-face-detection/training/dataset/real/972_celebhq.jpg,False
4014,9240,2,fake,real,/home/guilhermemathiasreis/Documents/synthetic-face-detection/training/dataset/fake/1904_stylegan2.jpg,/home/guilhermemathiasreis/Documents/synthetic-face-detection/training/dataset/real/155_celebhq.jpg,True
4159,9970,3,fake,real,/home/guilhermemathiasreis/Documents/synthetic-face-detection/training/dataset/fake/1937_stylegan3.jpg,/home/guilhermemathiasreis/Documents/synthetic-face-detection/training/dataset/real/1889_celebhq.jpg,True
9961,15204,4,real,real,/home/guilhermemathiasreis/Documents/synthetic-face-detection/training/dataset/real/1884_ffhq.jpg,/home/guilhermemathiasreis/Documents/synthetic-face-detection/training/dataset/real/642_celebhq.jpg,False
2342,5695,3,fake,fake,/home/guilhermemathiasreis/Documents/synthetic-face-detection/training/dataset/fake/1528_stylegan2.jpg,/home/guilhermemathiasreis/Documents/synthetic-face-detection/training/dataset/fake/481_stylegan3.jpg,False
4154,7943,3,fake,fake,/home/guilhermemathiasreis/Documents/synthetic-face-detection/training/dataset/fake/1936_stylegan2.jpg,/home/guilhermemathiasreis/Documents/synthetic-face-detection/training/dataset/fake/988_stylegan3.jpg,False
1107,15194,4,fake,real,/home/guilhermemathiasreis/Documents/synthetic-face-detection/training/dataset/fake/124_stylegan3.jpg,/home/guilhermemathiasreis/Documents/synthetic-face-detection/training/dataset/real/638_celebhq.jpg,True
6458,6571,4,fake,fake,/home/guilhermemathiasreis/Documents/synthetic-face-detection/training/dataset/fake/653_stylegan2.jpg,/home/guilhermemathiasreis/Documents/synthetic-face-detection/training/dataset/fake/679_stylegan3.jpg,False
5290,6981,4,fake,fake,/home/guilhermemathiasreis/Documents/synthetic-face-detection/training/dataset/fake/390_stylegan2.jpg,/home/guilhermemathiasreis/Documents/synthetic-face-detection/training/dataset/fake/771_sd_21.jpg,False
4345,14255,4,fake,real,/home/guilhermemathiasreis/Documents/synthetic-face-detection/training/dataset/fake/197_sd_21.jpg,/home/guilhermemathiasreis/Documents/synthetic-face-detection/training/dataset/real/5300_ffhq.jpg,True
5,6139,4,fake,fake,/home/guilhermemathiasreis/Documents/synthetic-face-detection/training/dataset/fake/1001_sd_21.jpg,/home/guilhermemathiasreis/Documents/synthetic-face-detection/training/dataset/fake/581_stylegan3.jpg,False
1004,7908,2,fake,fake,/home/guilhermemathiasreis/Documents/synthetic-face-detection/training/dataset/fake/1227_sd_14.jpg,/home/guilhermemathiasreis/Documents/synthetic-face-detection/training/dataset/fake/980_sd_14.jpg,False
5403,7423,4,fake,fake,/home/guilhermemathiasreis/Documents/synthetic-face-detection/training/dataset/fake/415_stylegan3.jpg,/home/guilhermemathiasreis/Documents/synthetic-face-detection/training/dataset/fake/870_stylegan3.jpg,False
7065,15631,4,fake,real,/home/guilhermemathiasreis/Documents/synthetic-face-detection/training/dataset/fake/790_sd_21.jpg,/home/guilhermemathiasreis/Documents/synthetic-face-detection/training/dataset/real/834_ffhq.jpg,True
5695,9922,4,fake,real,/home/guilhermemathiasreis/Documents/synthetic-face-detection/training/dataset/fake/481_stylegan3.jpg,/home/guilhermemathiasreis/Documents/synthetic-face-detection/training/dataset/real/1867_celebhq.jpg,True
5990,11887,4,fake,real,/home/guilhermemathiasreis/Documents/synthetic-face-detection/training/dataset/fake/548_stylegan2.jpg,/home/guilhermemathiasreis/Documents/synthetic-face-detection/training/dataset/real/3364_ffhq.jpg,True
10186,15180,4,real,real,/home/guilhermemathiasreis/Documents/synthetic-face-detection/training/dataset/real/1986_celebhq.jpg,/home/guilhermemathiasreis/Documents/synthetic-face-detection/training/dataset/real/631_celebhq.jpg,False
1321,4757,3,fake,fake,/home/guilhermemathiasreis/Documents/synthetic-face-detection/training/dataset/fake/1299_sd_21.jpg,/home/guilhermemathiasreis/Documents/synthetic-face-detection/training/dataset/fake/270_sd_21.jpg,False
634,10593,4,fake,real,/home/guilhermemathiasreis/Documents/synthetic-face-detection/training/dataset/fake/1143_stylegan2.jpg,/home/guilhermemathiasreis/Documents/synthetic-face-detection/training/dataset/real/2304_ffhq.jpg,True
5673,5882,2,fake,fake,/home/guilhermemathiasreis/Documents/synthetic-face-detection/training/dataset/fake/477_sd_21.jpg,/home/guilhermemathiasreis/Documents/synthetic-face-detection/training/dataset/fake/523_stylegan2.jpg,False
5882,6650,4,fake,fake,/home/guilhermemathiasreis/Documents/synthetic-face-detection/training/dataset/fake/523_stylegan2.jpg,/home/guilhermemathiasreis/Documents/synthetic-face-detection/training/dataset/fake/697_stylegan2.jpg,False
8832,11143,4,real,real,/home/guilhermemathiasreis/Documents/synthetic-face-detection/training/dataset/real/1376_celebhq.jpg,/home/guilhermemathiasreis/Documents/synthetic-face-detection/training/dataset/real/2756_ffhq.jpg,False
3903,6527,4,fake,fake,/home/guilhermemathiasreis/Documents/synthetic-face-detection/training/dataset/fake/187_stylegan3.jpg,/home/guilhermemathiasreis/Documents/synthetic-face-detection/training/dataset/fake/669_stylegan3.jpg,False
1681,4255,4,fake,fake,/home/guilhermemathiasreis/Documents/synthetic-face-detection/training/dataset/fake/137_sd_21.jpg,/home/guilhermemathiasreis/Documents/synthetic-face-detection/training/dataset/fake/1959_stylegan3.jpg,False
12909,15824,4,real,real,/home/guilhermemathiasreis/Documents/synthetic-face-detection/training/dataset/real/41_celebhq.jpg,/home/guilhermemathiasreis/Documents/synthetic-face-detection/training/dataset/real/921_celebhq.jpg,False
4329,5726,4,fake,fake,/home/guilhermemathiasreis/Documents/synthetic-face-detection/training/dataset/fake/1976_sd_21.jpg,/home/guilhermemathiasreis/Documents/synthetic-face-detection/training/dataset/fake/489_stylegan2.jpg,False
11394,15294,4,real,real,/home/guilhermemathiasreis/Documents/synthetic-face-detection/training/dataset/real/2961_ffhq.jpg,/home/guilhermemathiasreis/Documents/synthetic-face-detection/training/dataset/real/683_celebhq.jpg,False
3727,11542,4,fake,real,/home/guilhermemathiasreis/Documents/synthetic-face-detection/training/dataset/fake/183_stylegan3.jpg,/home/guilhermemathiasreis/Documents/synthetic-face-detection/training/dataset/real/3081_ffhq.jpg,True
7798,14255,2,fake,real,/home/guilhermemathiasreis/Documents/synthetic-face-detection/training/dataset/fake/955_stylegan2.jpg,/home/guilhermemathiasreis/Documents/synthetic-face-detection/training/dataset/real/5300_ffhq.jpg,True
10593,15478,3,real,real,/home/guilhermemathiasreis/Documents/synthetic-face-detection/training/dataset/real/2304_ffhq.jpg,/home/guilhermemathiasreis/Documents/synthetic-face-detection/training/dataset/real/766_celebhq.jpg,False
4322,13639,4,fake,real,/home/guilhermemathiasreis/Documents/synthetic-face-detection/training/dataset/fake/1974_stylegan2.jpg,/home/guilhermemathiasreis/Documents/synthetic-face-detection/training/dataset/real/479_celebhq.jpg,True
2167,7807,4,fake,fake,/home/guilhermemathiasreis/Documents/synthetic-face-detection/training/dataset/fake/1489_stylegan3.jpg,/home/guilhermemathiasreis/Documents/synthetic-face-detection/training/dataset/fake/957_stylegan3.jpg,False
4506,11258,3,fake,real,/home/guilhermemathiasreis/Documents/synthetic-face-detection/training/dataset/fake/213_stylegan2.jpg,/home/guilhermemathiasreis/Documents/synthetic-face-detection/training/dataset/real/284_ffhq.jpg,True
9563,10989,4,real,real,/home/guilhermemathiasreis/Documents/synthetic-face-detection/training/dataset/real/1704_ffhq.jpg,/home/guilhermemathiasreis/Documents/synthetic-face-detection/training/dataset/real/262_celebhq.jpg,False
3711,15343,4,fake,real,/home/guilhermemathiasreis/Documents/synthetic-face-detection/training/dataset/fake/1836_stylegan3.jpg,/home/guilhermemathiasreis/Documents/synthetic-face-detection/training/dataset/real/704_ffhq.jpg,True
391,15942,4,fake,real,/home/guilhermemathiasreis/Documents/synthetic-face-detection/training/dataset/fake/1089_stylegan3.jpg,/home/guilhermemathiasreis/Documents/synthetic-face-detection/training/dataset/real/975_celebhq.jpg,True
391,7379,4,fake,fake,/home/guilhermemathiasreis/Documents/synthetic-face-detection/training/dataset/fake/1089_stylegan3.jpg,/home/guilhermemathiasreis/Documents/synthetic-face-detection/training/dataset/fake/860_stylegan3.jpg,False
391,15194,2,fake,real,/home/guilhermemathiasreis/Documents/synthetic-face-detection/training/dataset/fake/1089_stylegan3.jpg,/home/guilhermemathiasreis/Documents/synthetic-face-detection/training/dataset/real/638_celebhq.jpg,True
1001,8928,4,fake,real,/home/guilhermemathiasreis/Documents/synthetic-face-detection/training/dataset/fake/1226_sd_21.jpg,/home/guilhermemathiasreis/Documents/synthetic-face-detection/training/dataset/real/1419_celebhq.jpg,True
8042,9240,3,real,real,/home/guilhermemathiasreis/Documents/synthetic-face-detection/training/dataset/real/101_celebhq.jpg,/home/guilhermemathiasreis/Documents/synthetic-face-detection/training/dataset/real/155_celebhq.jpg,False
954,8204,4,fake,real,/home/guilhermemathiasreis/Documents/synthetic-face-detection/training/dataset/fake/1215_stylegan2.jpg,/home/guilhermemathiasreis/Documents/synthetic-face-detection/training/dataset/real/1093_celebhq.jpg,True
6458,10695,3,fake,real,/home/guilhermemathiasreis/Documents/synthetic-face-detection/training/dataset/fake/653_stylegan2.jpg,/home/guilhermemathiasreis/Documents/synthetic-face-detection/training/dataset/real/238_celebhq.jpg,True
2787,13639,4,fake,real,/home/guilhermemathiasreis/Documents/synthetic-face-detection/training/dataset/fake/1628_stylegan3.jpg,/home/guilhermemathiasreis/Documents/synthetic-face-detection/training/dataset/real/479_celebhq.jpg,True
4223,5935,3,fake,fake,/home/guilhermemathiasreis/Documents/synthetic-face-detection/training/dataset/fake/1951_stylegan3.jpg,/home/guilhermemathiasreis/Documents/synthetic-face-detection/training/dataset/fake/535_stylegan3.jpg,False
1996,6458,4,fake,fake,/home/guilhermemathiasreis/Documents/synthetic-face-detection/training/dataset/fake/1450_sd_14.jpg,/home/guilhermemathiasreis/Documents/synthetic-face-detection/training/dataset/fake/653_stylegan2.jpg,False
6959,7871,2,fake,fake,/home/guilhermemathiasreis/Documents/synthetic-face-detection/training/dataset/fake/766_stylegan3.jpg,/home/guilhermemathiasreis/Documents/synthetic-face-detection/training/dataset/fake/971_stylegan3.jpg,False
6478,12567,4,fake,real,/home/guilhermemathiasreis/Documents/synthetic-face-detection/training/dataset/fake/658_stylegan2.jpg,/home/guilhermemathiasreis/Documents/synthetic-face-detection/training/dataset/real/3920_ffhq.jpg,True
13770,15326,4,real,real,/home/guilhermemathiasreis/Documents/synthetic-face-detection/training/dataset/real/4905_ffhq.jpg,/home/guilhermemathiasreis/Documents/synthetic-face-detection/training/dataset/real/698_celebhq.jpg,False
2787,9362,4,fake,real,/home/guilhermemathiasreis/Documents/synthetic-face-detection/training/dataset/fake/1628_stylegan3.jpg,/home/guilhermemathiasreis/Documents/synthetic-face-detection/training/dataset/real/1614_celebhq.jpg,True
1326,15942,4,fake,real,/home/guilhermemathiasreis/Documents/synthetic-face-detection/training/dataset/fake/129_stylegan2.jpg,/home/guilhermemathiasreis/Documents/synthetic-face-detection/training/dataset/real/975_celebhq.jpg,True
1846,3711,4,fake,fake,/home/guilhermemathiasreis/Documents/synthetic-face-detection/training/dataset/fake/1416_stylegan2.jpg,/home/guilhermemathiasreis/Documents/synthetic-face-detection/training/dataset/fake/1836_stylegan3.jpg,False
6722,9211,4,fake,real,/home/guilhermemathiasreis/Documents/synthetic-face-detection/training/dataset/fake/712_stylegan2.jpg,/home/guilhermemathiasreis/Documents/synthetic-face-detection/training/dataset/real/1546_ffhq.jpg,True
2446,5857,4,fake,fake,/home/guilhermemathiasreis/Documents/synthetic-face-detection/training/dataset/fake/1551_stylegan2.jpg,/home/guilhermemathiasreis/Documents/synthetic-face-detection/training/dataset/fake/518_sd_21.jpg,False
10465,12029,4,real,real,/home/guilhermemathiasreis/Documents/synthetic-face-detection/training/dataset/real/21_celebhq.jpg,/home/guilhermemathiasreis/Documents/synthetic-face-detection/training/dataset/real/3480_ffhq.jpg,False
3522,10593,3,fake,real,/home/guilhermemathiasreis/Documents/synthetic-face-detection/training/dataset/fake/1794_stylegan2.jpg,/home/guilhermemathiasreis/Documents/synthetic-face-detection/training/dataset/real/2304_ffhq.jpg,True
2009,2939,4,fake,fake,/home/guilhermemathiasreis/Documents/synthetic-face-detection/training/dataset/fake/1453_sd_21.jpg,/home/guilhermemathiasreis/Documents/synthetic-face-detection/training/dataset/fake/1662_stylegan3.jpg,False
4159,5906,4,fake,fake,/home/guilhermemathiasreis/Documents/synthetic-face-detection/training/dataset/fake/1937_stylegan3.jpg,/home/guilhermemathiasreis/Documents/synthetic-face-detection/training/dataset/fake/529_stylegan2.jpg,False
8932,14872,4,real,real,/home/guilhermemathiasreis/Documents/synthetic-face-detection/training/dataset/real/1420_celebhq.jpg,/home/guilhermemathiasreis/Documents/synthetic-face-detection/training/dataset/real/5807_ffhq.jpg,False
9403,15343,2,real,real,/home/guilhermemathiasreis/Documents/synthetic-face-detection/training/dataset/real/1632_ffhq.jpg,/home/guilhermemathiasreis/Documents/synthetic-face-detection/training/dataset/real/704_ffhq.jpg,False
7289,15180,3,fake,real,/home/guilhermemathiasreis/Documents/synthetic-face-detection/training/dataset/fake/840_sd_21.jpg,/home/guilhermemathiasreis/Documents/synthetic-face-detection/training/dataset/real/631_celebhq.jpg,True
3568,9954,4,fake,real,/home/guilhermemathiasreis/Documents/synthetic-face-detection/training/dataset/fake/1804_sd_14.jpg,/home/guilhermemathiasreis/Documents/synthetic-face-detection/training/dataset/real/1881_celebhq.jpg,True
7289,15343,4,fake,real,/home/guilhermemathiasreis/Documents/synthetic-face-detection/training/dataset/fake/840_sd_21.jpg,/home/guilhermemathiasreis/Documents/synthetic-face-detection/training/dataset/real/704_ffhq.jpg,True
1307,6735,4,fake,fake,/home/guilhermemathiasreis/Documents/synthetic-face-detection/training/dataset/fake/1295_stylegan3.jpg,/home/guilhermemathiasreis/Documents/synthetic-face-detection/training/dataset/fake/715_stylegan3.jpg,False
2809,15200,3,fake,real,/home/guilhermemathiasreis/Documents/synthetic-face-detection/training/dataset/fake/1633_sd_21.jpg,/home/guilhermemathiasreis/Documents/synthetic-face-detection/training/dataset/real/640_celebhq.jpg,True
2902,5673,3,fake,fake,/home/guilhermemathiasreis/Documents/synthetic-face-detection/training/dataset/fake/1654_stylegan2.jpg,/home/guilhermemathiasreis/Documents/synthetic-face-detection/training/dataset/fake/477_sd_21.jpg,False
491,3903,4,fake,fake,/home/guilhermemathiasreis/Documents/synthetic-face-detection/training/dataset/fake/1110_stylegan3.jpg,/home/guilhermemathiasreis/Documents/synthetic-face-detection/training/dataset/fake/187_stylegan3.jpg,False
8084,11386,4,real,real,/home/guilhermemathiasreis/Documents/synthetic-face-detection/training/dataset/real/1039_celebhq.jpg,/home/guilhermemathiasreis/Documents/synthetic-face-detection/training/dataset/real/2955_ffhq.jpg,False
1307,5914,4,fake,fake,/home/guilhermemathiasreis/Documents/synthetic-face-detection/training/dataset/fake/1295_stylegan3.jpg,/home/guilhermemathiasreis/Documents/synthetic-face-detection/training/dataset/fake/530_stylegan2.jpg,False
6959,15898,4,fake,real,/home/guilhermemathiasreis/Documents/synthetic-face-detection/training/dataset/fake/766_stylegan3.jpg,/home/guilhermemathiasreis/Documents/synthetic-face-detection/training/dataset/real/955_celebhq.jpg,True
3425,3732,4,fake,fake,/home/guilhermemathiasreis/Documents/synthetic-face-detection/training/dataset/fake/1772_sd_21.jpg,/home/guilhermemathiasreis/Documents/synthetic-face-detection/training/dataset/fake/1841_sd_14.jpg,False
482,3711,3,fake,fake,/home/guilhermemathiasreis/Documents/synthetic-face-detection/training/dataset/fake/1109_stylegan2.jpg,/home/guilhermemathiasreis/Documents/synthetic-face-detection/training/dataset/fake/1836_stylegan3.jpg,False
4014,4347,1,fake,fake,/home/guilhermemathiasreis/Documents/synthetic-face-detection/training/dataset/fake/1904_stylegan2.jpg,/home/guilhermemathiasreis/Documents/synthetic-face-detection/training/dataset/fake/197_stylegan3.jpg,False
7368,12198,4,fake,real,/home/guilhermemathiasreis/Documents/synthetic-face-detection/training/dataset/fake/859_sd_14.jpg,/home/guilhermemathiasreis/Documents/synthetic-face-detection/training/dataset/real/3619_ffhq.jpg,True
2559,15174,3,fake,real,/home/guilhermemathiasreis/Documents/synthetic-face-detection/training/dataset/fake/1577_stylegan3.jpg,/home/guilhermemathiasreis/Documents/synthetic-face-detection/training/dataset/real/629_celebhq.jpg,True
1107,15180,3,fake,real,/home/guilhermemathiasreis/Documents/synthetic-face-detection/training/dataset/fake/124_stylegan3.jpg,/home/guilhermemathiasreis/Documents/synthetic-face-detection/training/dataset/real/631_celebhq.jpg,True
11268,11455,4,real,real,/home/guilhermemathiasreis/Documents/synthetic-face-detection/training/dataset/real/2859_ffhq.jpg,/home/guilhermemathiasreis/Documents/synthetic-face-detection/training/dataset/real/300_celebhq.jpg,False
5,13639,3,fake,real,/home/guilhermemathiasreis/Documents/synthetic-face-detection/training/dataset/fake/1001_sd_21.jpg,/home/guilhermemathiasreis/Documents/synthetic-face-detection/training/dataset/real/479_celebhq.jpg,True
1269,3113,2,fake,fake,/home/guilhermemathiasreis/Documents/synthetic-face-detection/training/dataset/fake/1287_sd_21.jpg,/home/guilhermemathiasreis/Documents/synthetic-face-detection/training/dataset/fake/1701_sd_21.jpg,False
15631,15908,4,real,real,/home/guilhermemathiasreis/Documents/synthetic-face-detection/training/dataset/real/834_ffhq.jpg,/home/guilhermemathiasreis/Documents/synthetic-face-detection/training/dataset/real/95_celebhq.jpg,False
949,4885,4,fake,fake,/home/guilhermemathiasreis/Documents/synthetic-face-detection/training/dataset/fake/1214_sd_21.jpg,/home/guilhermemathiasreis/Documents/synthetic-face-detection/training/dataset/fake/29_sd_21.jpg,False
1703,5882,4,fake,fake,/home/guilhermemathiasreis/Documents/synthetic-face-detection/training/dataset/fake/1384_stylegan3.jpg,/home/guilhermemathiasreis/Documents/synthetic-face-detection/training/dataset/fake/523_stylegan2.jpg,False
3113,15343,2,fake,real,/home/guilhermemathiasreis/Documents/synthetic-face-detection/training/dataset/fake/1701_sd_21.jpg,/home/guilhermemathiasreis/Documents/synthetic-face-detection/training/dataset/real/704_ffhq.jpg,True
1839,5664,4,fake,fake,/home/guilhermemathiasreis/Documents/synthetic-face-detection/training/dataset/fake/1414_stylegan3.jpg,/home/guilhermemathiasreis/Documents/synthetic-face-detection/training/dataset/fake/475_sd_14.jpg,False
5370,9506,4,fake,real,/home/guilhermemathiasreis/Documents/synthetic-face-detection/training/dataset/fake/408_stylegan2.jpg,/home/guilhermemathiasreis/Documents/synthetic-face-detection/training/dataset/real/167_celebhq.jpg,True
3711,7831,4,fake,fake,/home/guilhermemathiasreis/Documents/synthetic-face-detection/training/dataset/fake/1836_stylegan3.jpg,/home/guilhermemathiasreis/Documents/synthetic-face-detection/training/dataset/fake/962_stylegan3.jpg,False
1885,15732,4,fake,real,/home/guilhermemathiasreis/Documents/synthetic-face-detection/training/dataset/fake/1425_sd_21.jpg,/home/guilhermemathiasreis/Documents/synthetic-face-detection/training/dataset/real/880_celebhq.jpg,True
5864,15308,3,fake,real,/home/guilhermemathiasreis/Documents/synthetic-face-detection/training/dataset/fake/51_sd_14.jpg,/home/guilhermemathiasreis/Documents/synthetic-face-detection/training/dataset/real/68_celebhq.jpg,True
13959,14681,3,real,real,/home/guilhermemathiasreis/Documents/synthetic-face-detection/training/dataset/real/505_celebhq.jpg,/home/guilhermemathiasreis/Documents/synthetic-face-detection/training/dataset/real/5650_ffhq.jpg,False
2751,7391,4,fake,fake,/home/guilhermemathiasreis/Documents/synthetic-face-detection/training/dataset/fake/161_stylegan3.jpg,/home/guilhermemathiasreis/Documents/synthetic-face-detection/training/dataset/fake/863_stylegan3.jpg,False
1555,5889,4,fake,fake,/home/guilhermemathiasreis/Documents/synthetic-face-detection/training/dataset/fake/1350_stylegan3.jpg,/home/guilhermemathiasreis/Documents/synthetic-face-detection/training/dataset/fake/525_sd_21.jpg,False
6139,15200,4,fake,real,/home/guilhermemathiasreis/Documents/synthetic-face-detection/training/dataset/fake/581_stylegan3.jpg,/home/guilhermemathiasreis/Documents/synthetic-face-detection/training/dataset/real/640_celebhq.jpg,True
9240,13473,3,real,real,/home/guilhermemathiasreis/Documents/synthetic-face-detection/training/dataset/real/155_celebhq.jpg,/home/guilhermemathiasreis/Documents/synthetic-face-detection/training/dataset/real/4662_ffhq.jpg,False
13639,15623,4,real,real,/home/guilhermemathiasreis/Documents/synthetic-face-detection/training/dataset/real/479_celebhq.jpg,/home/guilhermemathiasreis/Documents/synthetic-face-detection/training/dataset/real/830_ffhq.jpg,False
1767,5619,4,fake,fake,/home/guilhermemathiasreis/Documents/synthetic-face-detection/training/dataset/fake/1399_stylegan3.jpg,/home/guilhermemathiasreis/Documents/synthetic-face-detection/training/dataset/fake/464_stylegan3.jpg,False
391,10593,4,fake,real,/home/guilhermemathiasreis/Documents/synthetic-face-detection/training/dataset/fake/1089_stylegan3.jpg,/home/guilhermemathiasreis/Documents/synthetic-face-detection/training/dataset/real/2304_ffhq.jpg,True
507,6259,4,fake,fake,/home/guilhermemathiasreis/Documents/synthetic-face-detection/training/dataset/fake/1114_stylegan3.jpg,/home/guilhermemathiasreis/Documents/synthetic-face-detection/training/dataset/fake/608_stylegan3.jpg,False
3174,7789,4,fake,fake,/home/guilhermemathiasreis/Documents/synthetic-face-detection/training/dataset/fake/1715_stylegan2.jpg,/home/guilhermemathiasreis/Documents/synthetic-face-detection/training/dataset/fake/953_sd_21.jpg,False
491,1359,4,fake,fake,/home/guilhermemathiasreis/Documents/synthetic-face-detection/training/dataset/fake/1110_stylegan3.jpg,/home/guilhermemathiasreis/Documents/synthetic-face-detection/training/dataset/fake/1306_stylegan3.jpg,False
14255,15174,4,real,real,/home/guilhermemathiasreis/Documents/synthetic-face-detection/training/dataset/real/5300_ffhq.jpg,/home/guilhermemathiasreis/Documents/synthetic-face-detection/training/dataset/real/629_celebhq.jpg,False
1107,3845,4,fake,fake,/home/guilhermemathiasreis/Documents/synthetic-face-detection/training/dataset/fake/124_stylegan3.jpg,/home/guilhermemathiasreis/Documents/synthetic-face-detection/training/dataset/fake/1867_sd_21.jpg,False
6170,6219,4,fake,fake,/home/guilhermemathiasreis/Documents/synthetic-face-detection/training/dataset/fake/589_stylegan2.jpg,/home/guilhermemathiasreis/Documents/synthetic-face-detection/training/dataset/fake/59_stylegan3.jpg,False
5453,7253,4,fake,fake,/home/guilhermemathiasreis/Documents/synthetic-face-detection/training/dataset/fake/427_sd_21.jpg,/home/guilhermemathiasreis/Documents/synthetic-face-detection/training/dataset/fake/832_sd_21.jpg,False
3867,11581,4,fake,real,/home/guilhermemathiasreis/Documents/synthetic-face-detection/training/dataset/fake/1871_stylegan3.jpg,/home/guilhermemathiasreis/Documents/synthetic-face-detection/training/dataset/real/3112_ffhq.jpg,True
2787,4159,4,fake,fake,/home/guilhermemathiasreis/Documents/synthetic-face-detection/training/dataset/fake/1628_stylegan3.jpg,/home/guilhermemathiasreis/Documents/synthetic-face-detection/training/dataset/fake/1937_stylegan3.jpg,False
391,15180,3,fake,real,/home/guilhermemathiasreis/Documents/synthetic-face-detection/training/dataset/fake/1089_stylegan3.jpg,/home/guilhermemathiasreis/Documents/synthetic-face-detection/training/dataset/real/631_celebhq.jpg,True
3628,15623,3,fake,real,/home/guilhermemathiasreis/Documents/synthetic-face-detection/training/dataset/fake/1818_sd_14.jpg,/home/guilhermemathiasreis/Documents/synthetic-face-detection/training/dataset/real/830_ffhq.jpg,True
3715,5259,4,fake,fake,/home/guilhermemathiasreis/Documents/synthetic-face-detection/training/dataset/fake/1837_stylegan3.jpg,/home/guilhermemathiasreis/Documents/synthetic-face-detection/training/dataset/fake/383_stylegan3.jpg,False
491,3522,4,fake,fake,/home/guilhermemathiasreis/Documents/synthetic-face-detection/training/dataset/fake/1110_stylegan3.jpg,/home/guilhermemathiasreis/Documents/synthetic-face-detection/training/dataset/fake/1794_stylegan2.jpg,False
655,5726,4,fake,fake,/home/guilhermemathiasreis/Documents/synthetic-face-detection/training/dataset/fake/1148_stylegan3.jpg,/home/guilhermemathiasreis/Documents/synthetic-face-detection/training/dataset/fake/489_stylegan2.jpg,False
8069,13844,4,real,real,/home/guilhermemathiasreis/Documents/synthetic-face-detection/training/dataset/real/1031_ffhq.jpg,/home/guilhermemathiasreis/Documents/synthetic-face-detection/training/dataset/real/4967_ffhq.jpg,False
6735,10418,2,fake,real,/home/guilhermemathiasreis/Documents/synthetic-face-detection/training/dataset/fake/715_stylegan3.jpg,/home/guilhermemathiasreis/Documents/synthetic-face-detection/training/dataset/real/2161_ffhq.jpg,True
3315,6571,4,fake,fake,/home/guilhermemathiasreis/Documents/synthetic-face-detection/training/dataset/fake/1747_stylegan3.jpg,/home/guilhermemathiasreis/Documents/synthetic-face-detection/training/dataset/fake/679_stylegan3.jpg,False
491,6458,3,fake,fake,/home/guilhermemathiasreis/Documents/synthetic-face-detection/training/dataset/fake/1110_stylegan3.jpg,/home/guilhermemathiasreis/Documents/synthetic-face-detection/training/dataset/fake/653_stylegan2.jpg,False
2569,5387,3,fake,fake,/home/guilhermemathiasreis/Documents/synthetic-face-detection/training/dataset/fake/157_sd_21.jpg,/home/guilhermemathiasreis/Documents/synthetic-face-detection/training/dataset/fake/411_stylegan3.jpg,False
5411,7261,3,fake,fake,/home/guilhermemathiasreis/Documents/synthetic-face-detection/training/dataset/fake/417_stylegan3.jpg,/home/guilhermemathiasreis/Documents/synthetic-face-detection/training/dataset/fake/834_sd_21.jpg,False
4347,6571,4,fake,fake,/home/guilhermemathiasreis/Documents/synthetic-face-detection/training/dataset/fake/197_stylegan3.jpg,/home/guilhermemathiasreis/Documents/synthetic-face-detection/training/dataset/fake/679_stylegan3.jpg,False
3544,5926,3,fake,fake,/home/guilhermemathiasreis/Documents/synthetic-face-detection/training/dataset/fake/179_sd_14.jpg,/home/guilhermemathiasreis/Documents/synthetic-face-detection/training/dataset/fake/533_stylegan2.jpg,False
3595,5864,4,fake,fake,/home/guilhermemathiasreis/Documents/synthetic-face-detection/training/dataset/fake/180_stylegan3.jpg,/home/guilhermemathiasreis/Documents/synthetic-face-detection/training/dataset/fake/51_sd_14.jpg,False
6158,7949,3,fake,fake,/home/guilhermemathiasreis/Documents/synthetic-face-detection/training/dataset/fake/586_stylegan2.jpg,/home/guilhermemathiasreis/Documents/synthetic-face-detection/training/dataset/fake/98_sd_21.jpg,False
249,5453,3,fake,fake,/home/guilhermemathiasreis/Documents/synthetic-face-detection/training/dataset/fake/1057_sd_21.jpg,/home/guilhermemathiasreis/Documents/synthetic-face-detection/training/dataset/fake/427_sd_21.jpg,False
4802,11827,3,fake,real,/home/guilhermemathiasreis/Documents/synthetic-face-detection/training/dataset/fake/280_stylegan2.jpg,/home/guilhermemathiasreis/Documents/synthetic-face-detection/training/dataset/real/3314_ffhq.jpg,True
11441,15194,4,real,real,/home/guilhermemathiasreis/Documents/synthetic-face-detection/training/dataset/real/29_celebhq.jpg,/home/guilhermemathiasreis/Documents/synthetic-face-detection/training/dataset/real/638_celebhq.jpg,False
4154,10695,3,fake,real,/home/guilhermemathiasreis/Documents/synthetic-face-detection/training/dataset/fake/1936_stylegan2.jpg,/home/guilhermemathiasreis/Documents/synthetic-face-detection/training/dataset/real/238_celebhq.jpg,True
2255,7730,4,fake,fake,/home/guilhermemathiasreis/Documents/synthetic-face-detection/training/dataset/fake/1508_stylegan3.jpg,/home/guilhermemathiasreis/Documents/synthetic-face-detection/training/dataset/fake/93_stylegan2.jpg,False
1200,10946,4,fake,real,/home/guilhermemathiasreis/Documents/synthetic-face-detection/training/dataset/fake/1271_sd_14.jpg,/home/guilhermemathiasreis/Documents/synthetic-face-detection/training/dataset/real/2595_ffhq.jpg,True
3245,6973,3,fake,fake,/home/guilhermemathiasreis/Documents/synthetic-face-detection/training/dataset/fake/1731_sd_21.jpg,/home/guilhermemathiasreis/Documents/synthetic-face-detection/training/dataset/fake/76_sd_21.jpg,False
2694,11542,3,fake,real,/home/guilhermemathiasreis/Documents/synthetic-face-detection/training/dataset/fake/1607_stylegan2.jpg,/home/guilhermemathiasreis/Documents/synthetic-face-detection/training/dataset/real/3081_ffhq.jpg,True
6170,7789,4,fake,fake,/home/guilhermemathiasreis/Documents/synthetic-face-detection/training/dataset/fake/589_stylegan2.jpg,/home/guilhermemathiasreis/Documents/synthetic-face-detection/training/dataset/fake/953_sd_21.jpg,False
3522,14856,3,fake,real,/home/guilhermemathiasreis/Documents/synthetic-face-detection/training/dataset/fake/1794_stylegan2.jpg,/home/guilhermemathiasreis/Documents/synthetic-face-detection/training/dataset/real/5795_ffhq.jpg,True
3628,4597,3,fake,fake,/home/guilhermemathiasreis/Documents/synthetic-face-detection/training/dataset/fake/1818_sd_14.jpg,/home/guilhermemathiasreis/Documents/synthetic-face-detection/training/dataset/fake/234_sd_21.jpg,False
4347,4603,4,fake,fake,/home/guilhermemathiasreis/Documents/synthetic-face-detection/training/dataset/fake/197_stylegan3.jpg,/home/guilhermemathiasreis/Documents/synthetic-face-detection/training/dataset/fake/235_stylegan3.jpg,False
3480,3628,4,fake,fake,/home/guilhermemathiasreis/Documents/synthetic-face-detection/training/dataset/fake/1785_sd_14.jpg,/home/guilhermemathiasreis/Documents/synthetic-face-detection/training/dataset/fake/1818_sd_14.jpg,False
2751,6099,4,fake,fake,/home/guilhermemathiasreis/Documents/synthetic-face-detection/training/dataset/fake/161_stylegan3.jpg,/home/guilhermemathiasreis/Documents/synthetic-face-detection/training/dataset/fake/572_stylegan3.jpg,False
7289,15174,2,fake,real,/home/guilhermemathiasreis/Documents/synthetic-face-detection/training/dataset/fake/840_sd_21.jpg,/home/guilhermemathiasreis/Documents/synthetic-face-detection/training/dataset/real/629_celebhq.jpg,True
2073,5882,3,fake,fake,/home/guilhermemathiasreis/Documents/synthetic-face-detection/training/dataset/fake/1468_sd_21.jpg,/home/guilhermemathiasreis/Documents/synthetic-face-detection/training/dataset/fake/523_stylegan2.jpg,False
1703,4070,4,fake,fake,/home/guilhermemathiasreis/Documents/synthetic-face-detection/training/dataset/fake/1384_stylegan3.jpg,/home/guilhermemathiasreis/Documents/synthetic-face-detection/training/dataset/fake/1917_stylegan2.jpg,False
482,4014,4,fake,fake,/home/guilhermemathiasreis/Documents/synthetic-face-detection/training/dataset/fake/1109_stylegan2.jpg,/home/guilhermemathiasreis/Documents/synthetic-face-detection/training/dataset/fake/1904_stylegan2.jpg,False
5,2581,4,fake,fake,/home/guilhermemathiasreis/Documents/synthetic-face-detection/training/dataset/fake/1001_sd_21.jpg,/home/guilhermemathiasreis/Documents/synthetic-face-detection/training/dataset/fake/1582_sd_21.jpg,False
7375,15631,4,fake,real,/home/guilhermemathiasreis/Documents/synthetic-face-detection/training/dataset/fake/85_stylegan3.jpg,/home/guilhermemathiasreis/Documents/synthetic-face-detection/training/dataset/real/834_ffhq.jpg,True
2575,5487,4,fake,fake,/home/guilhermemathiasreis/Documents/synthetic-face-detection/training/dataset/fake/1580_stylegan3.jpg,/home/guilhermemathiasreis/Documents/synthetic-face-detection/training/dataset/fake/434_stylegan3.jpg,False
5039,8992,4,fake,real,/home/guilhermemathiasreis/Documents/synthetic-face-detection/training/dataset/fake/333_stylegan3.jpg,/home/guilhermemathiasreis/Documents/synthetic-face-detection/training/dataset/real/1448_celebhq.jpg,True
5929,12078,3,fake,real,/home/guilhermemathiasreis/Documents/synthetic-face-detection/training/dataset/fake/534_sd_21.jpg,/home/guilhermemathiasreis/Documents/synthetic-face-detection/training/dataset/real/351_ffhq.jpg,True
2979,6973,4,fake,fake,/home/guilhermemathiasreis/Documents/synthetic-face-detection/training/dataset/fake/1671_stylegan3.jpg,/home/guilhermemathiasreis/Documents/synthetic-face-detection/training/dataset/fake/76_sd_21.jpg,False
1846,5039,4,fake,fake,/home/guilhermemathiasreis/Documents/synthetic-face-detection/training/dataset/fake/1416_stylegan2.jpg,/home/guilhermemathiasreis/Documents/synthetic-face-detection/training/dataset/fake/333_stylegan3.jpg,False
9544,15870,4,real,real,/home/guilhermemathiasreis/Documents/synthetic-face-detection/training/dataset/real/1697_celebhq.jpg,/home/guilhermemathiasreis/Documents/synthetic-face-detection/training/dataset/real/942_celebhq.jpg,False
4603,5039,4,fake,fake,/home/guilhermemathiasreis/Documents/synthetic-face-detection/training/dataset/fake/235_stylegan3.jpg,/home/guilhermemathiasreis/Documents/synthetic-face-detection/training/dataset/fake/333_stylegan3.jpg,False
4597,6354,3,fake,fake,/home/guilhermemathiasreis/Documents/synthetic-face-detection/training/dataset/fake/234_sd_21.jpg,/home/guilhermemathiasreis/Documents/synthetic-face-detection/training/dataset/fake/62_stylegan2.jpg,False
2991,6650,4,fake,fake,/home/guilhermemathiasreis/Documents/synthetic-face-detection/training/dataset/fake/1674_stylegan3.jpg,/home/guilhermemathiasreis/Documents/synthetic-face-detection/training/dataset/fake/697_stylegan2.jpg,False
2085,15326,3,fake,real,/home/guilhermemathiasreis/Documents/synthetic-face-detection/training/dataset/fake/1470_sd_21.jpg,/home/guilhermemathiasreis/Documents/synthetic-face-detection/training/dataset/real/698_celebhq.jpg,True
5047,5387,3,fake,fake,/home/guilhermemathiasreis/Documents/synthetic-face-detection/training/dataset/fake/335_stylegan3.jpg,/home/guilhermemathiasreis/Documents/synthetic-face-detection/training/dataset/fake/411_stylegan3.jpg,False
2396,8318,4,fake,real,/home/guilhermemathiasreis/Documents/synthetic-face-detection/training/dataset/fake/1540_sd_14.jpg,/home/guilhermemathiasreis/Documents/synthetic-face-detection/training/dataset/real/1144_celebhq.jpg,True
2659,3711,2,fake,fake,/home/guilhermemathiasreis/Documents/synthetic-face-detection/training/dataset/fake/159_stylegan3.jpg,/home/guilhermemathiasreis/Documents/synthetic-face-detection/training/dataset/fake/1836_stylegan3.jpg,False
3711,6914,4,fake,fake,/home/guilhermemathiasreis/Documents/synthetic-face-detection/training/dataset/fake/1836_stylegan3.jpg,/home/guilhermemathiasreis/Documents/synthetic-face-detection/training/dataset/fake/756_stylegan2.jpg,False
3113,15264,4,fake,real,/home/guilhermemathiasreis/Documents/synthetic-face-detection/training/dataset/fake/1701_sd_21.jpg,/home/guilhermemathiasreis/Documents/synthetic-face-detection/training/dataset/real/66_celebhq.jpg,True
3949,6973,4,fake,fake,/home/guilhermemathiasreis/Documents/synthetic-face-detection/training/dataset/fake/1890_sd_21.jpg,/home/guilhermemathiasreis/Documents/synthetic-face-detection/training/dataset/fake/76_sd_21.jpg,False
7289,9019,4,fake,real,/home/guilhermemathiasreis/Documents/synthetic-face-detection/training/dataset/fake/840_sd_21.jpg,/home/guilhermemathiasreis/Documents/synthetic-face-detection/training/dataset/real/145_ffhq.jpg,True
1749,11441,4,fake,real,/home/guilhermemathiasreis/Documents/synthetic-face-detection/training/dataset/fake/1395_sd_21.jpg,/home/guilhermemathiasreis/Documents/synthetic-face-detection/training/dataset/real/29_celebhq.jpg,True
9211,13265,4,real,real,/home/guilhermemathiasreis/Documents/synthetic-face-detection/training/dataset/real/1546_ffhq.jpg,/home/guilhermemathiasreis/Documents/synthetic-face-detection/training/dataset/real/4492_ffhq.jpg,False
2073,2874,4,fake,fake,/home/guilhermemathiasreis/Documents/synthetic-face-detection/training/dataset/fake/1468_sd_21.jpg,/home/guilhermemathiasreis/Documents/synthetic-face-detection/training/dataset/fake/1648_stylegan2.jpg,False
10593,14856,4,real,real,/home/guilhermemathiasreis/Documents/synthetic-face-detection/training/dataset/real/2304_ffhq.jpg,/home/guilhermemathiasreis/Documents/synthetic-face-detection/training/dataset/real/5795_ffhq.jpg,False
7861,9426,4,fake,real,/home/guilhermemathiasreis/Documents/synthetic-face-detection/training/dataset/fake/96_sd_21.jpg,/home/guilhermemathiasreis/Documents/synthetic-face-detection/training/dataset/real/1643_celebhq.jpg,True
4639,10313,4,fake,real,/home/guilhermemathiasreis/Documents/synthetic-face-detection/training/dataset/fake/243_stylegan3.jpg,/home/guilhermemathiasreis/Documents/synthetic-face-detection/training/dataset/real/2076_ffhq.jpg,True
1255,1555,3,fake,fake,/home/guilhermemathiasreis/Documents/synthetic-face-detection/training/dataset/fake/1283_stylegan3.jpg,/home/guilhermemathiasreis/Documents/synthetic-face-detection/training/dataset/fake/1350_stylegan3.jpg,False
1359,1667,4,fake,fake,/home/guilhermemathiasreis/Documents/synthetic-face-detection/training/dataset/fake/1306_stylegan3.jpg,/home/guilhermemathiasreis/Documents/synthetic-face-detection/training/dataset/fake/1376_stylegan3.jpg,False
12909,15194,4,real,real,/home/guilhermemathiasreis/Documents/synthetic-face-detection/training/dataset/real/41_celebhq.jpg,/home/guilhermemathiasreis/Documents/synthetic-face-detection/training/dataset/real/638_celebhq.jpg,False
2569,5673,4,fake,fake,/home/guilhermemathiasreis/Documents/synthetic-face-detection/training/dataset/fake/157_sd_21.jpg,/home/guilhermemathiasreis/Documents/synthetic-face-detection/training/dataset/fake/477_sd_21.jpg,False
5198,5695,4,fake,fake,/home/guilhermemathiasreis/Documents/synthetic-face-detection/training/dataset/fake/36_stylegan2.jpg,/home/guilhermemathiasreis/Documents/synthetic-face-detection/training/dataset/fake/481_stylegan3.jpg,False
1197,8318,3,fake,real,/home/guilhermemathiasreis/Documents/synthetic-face-detection/training/dataset/fake/1270_sd_21.jpg,/home/guilhermemathiasreis/Documents/synthetic-face-detection/training/dataset/real/1144_celebhq.jpg,True
275,7871,4,fake,fake,/home/guilhermemathiasreis/Documents/synthetic-face-detection/training/dataset/fake/1062_stylegan3.jpg,/home/guilhermemathiasreis/Documents/synthetic-face-detection/training/dataset/fake/971_stylegan3.jpg,False
3882,9403,4,fake,real,/home/guilhermemathiasreis/Documents/synthetic-face-detection/training/dataset/fake/1875_stylegan2.jpg,/home/guilhermemathiasreis/Documents/synthetic-face-detection/training/dataset/real/1632_ffhq.jpg,True
4347,5198,4,fake,fake,/home/guilhermemathiasreis/Documents/synthetic-face-detection/training/dataset/fake/197_stylegan3.jpg,/home/guilhermemathiasreis/Documents/synthetic-face-detection/training/dataset/fake/36_stylegan2.jpg,False
4402,4450,4,fake,fake,/home/guilhermemathiasreis/Documents/synthetic-face-detection/training/dataset/fake/1992_stylegan2.jpg,/home/guilhermemathiasreis/Documents/synthetic-face-detection/training/dataset/fake/200_stylegan2.jpg,False
15138,15343,4,real,real,/home/guilhermemathiasreis/Documents/synthetic-face-detection/training/dataset/real/612_celebhq.jpg,/home/guilhermemathiasreis/Documents/synthetic-face-detection/training/dataset/real/704_ffhq.jpg,False
5179,9922,4,fake,real,/home/guilhermemathiasreis/Documents/synthetic-face-detection/training/dataset/fake/365_stylegan3.jpg,/home/guilhermemathiasreis/Documents/synthetic-face-detection/training/dataset/real/1867_celebhq.jpg,True
13473,14555,4,real,real,/home/guilhermemathiasreis/Documents/synthetic-face-detection/training/dataset/real/4662_ffhq.jpg,/home/guilhermemathiasreis/Documents/synthetic-face-detection/training/dataset/real/5548_ffhq.jpg,False
7379,15824,4,fake,real,/home/guilhermemathiasreis/Documents/synthetic-face-detection/training/dataset/fake/860_stylegan3.jpg,/home/guilhermemathiasreis/Documents/synthetic-face-detection/training/dataset/real/921_celebhq.jpg,True
6854,7715,4,fake,fake,/home/guilhermemathiasreis/Documents/synthetic-face-detection/training/dataset/fake/742_stylegan2.jpg,/home/guilhermemathiasreis/Documents/synthetic-face-detection/training/dataset/fake/936_stylegan3.jpg,False
391,7798,4,fake,fake,/home/guilhermemathiasreis/Documents/synthetic-face-detection/training/dataset/fake/1089_stylegan3.jpg,/home/guilhermemathiasreis/Documents/synthetic-face-detection/training/dataset/fake/955_stylegan2.jpg,False
1767,2751,4,fake,fake,/home/guilhermemathiasreis/Documents/synthetic-face-detection/training/dataset/fake/1399_stylegan3.jpg,/home/guilhermemathiasreis/Documents/synthetic-face-detection/training/dataset/fake/161_stylegan3.jpg,False
9403,15623,1,real,real,/home/guilhermemathiasreis/Documents/synthetic-face-detection/training/dataset/real/1632_ffhq.jpg,/home/guilhermemathiasreis/Documents/synthetic-face-detection/training/dataset/real/830_ffhq.jpg,False
3381,5545,4,fake,fake,/home/guilhermemathiasreis/Documents/synthetic-face-detection/training/dataset/fake/1762_sd_21.jpg,/home/guilhermemathiasreis/Documents/synthetic-face-detection/training/dataset/fake/448_sd_21.jpg,False
1996,2965,4,fake,fake,/home/guilhermemathiasreis/Documents/synthetic-face-detection/training/dataset/fake/1450_sd_14.jpg,/home/guilhermemathiasreis/Documents/synthetic-face-detection/training/dataset/fake/1669_sd_21.jpg,False
2751,15623,4,fake,real,/home/guilhermemathiasreis/Documents/synthetic-face-detection/training/dataset/fake/161_stylegan3.jpg,/home/guilhermemathiasreis/Documents/synthetic-face-detection/training/dataset/real/830_ffhq.jpg,True
54,2694,4,fake,fake,/home/guilhermemathiasreis/Documents/synthetic-face-detection/training/dataset/fake/1012_stylegan2.jpg,/home/guilhermemathiasreis/Documents/synthetic-face-detection/training/dataset/fake/1607_stylegan2.jpg,False
5864,7789,4,fake,fake,/home/guilhermemathiasreis/Documents/synthetic-face-detection/training/dataset/fake/51_sd_14.jpg,/home/guilhermemathiasreis/Documents/synthetic-face-detection/training/dataset/fake/953_sd_21.jpg,False
6218,10946,3,fake,real,/home/guilhermemathiasreis/Documents/synthetic-face-detection/training/dataset/fake/59_stylegan2.jpg,/home/guilhermemathiasreis/Documents/synthetic-face-detection/training/dataset/real/2595_ffhq.jpg,True
1621,4089,4,fake,fake,/home/guilhermemathiasreis/Documents/synthetic-face-detection/training/dataset/fake/1366_sd_21.jpg,/home/guilhermemathiasreis/Documents/synthetic-face-detection/training/dataset/fake/1921_sd_21.jpg,False
7379,14255,4,fake,real,/home/guilhermemathiasreis/Documents/synthetic-face-detection/training/dataset/fake/860_stylegan3.jpg,/home/guilhermemathiasreis/Documents/synthetic-face-detection/training/dataset/real/5300_ffhq.jpg,True
391,14255,4,fake,real,/home/guilhermemathiasreis/Documents/synthetic-face-detection/training/dataset/fake/1089_stylegan3.jpg,/home/guilhermemathiasreis/Documents/synthetic-face-detection/training/dataset/real/5300_ffhq.jpg,True
6914,15516,4,fake,real,/home/guilhermemathiasreis/Documents/synthetic-face-detection/training/dataset/fake/756_stylegan2.jpg,/home/guilhermemathiasreis/Documents/synthetic-face-detection/training/dataset/real/783_celebhq.jpg,True
2742,3174,4,fake,fake,/home/guilhermemathiasreis/Documents/synthetic-face-detection/training/dataset/fake/1618_stylegan2.jpg,/home/guilhermemathiasreis/Documents/synthetic-face-detection/training/dataset/fake/1715_stylegan2.jpg,False
3628,6973,3,fake,fake,/home/guilhermemathiasreis/Documents/synthetic-face-detection/training/dataset/fake/1818_sd_14.jpg,/home/guilhermemathiasreis/Documents/synthetic-face-detection/training/dataset/fake/76_sd_21.jpg,False
285,363,4,fake,fake,/home/guilhermemathiasreis/Documents/synthetic-face-detection/training/dataset/fake/1065_sd_21.jpg,/home/guilhermemathiasreis/Documents/synthetic-face-detection/training/dataset/fake/1082_stylegan3.jpg,False
2965,3543,4,fake,fake,/home/guilhermemathiasreis/Documents/synthetic-face-detection/training/dataset/fake/1669_sd_21.jpg,/home/guilhermemathiasreis/Documents/synthetic-face-detection/training/dataset/fake/1799_stylegan3.jpg,False
7283,7391,3,fake,fake,/home/guilhermemathiasreis/Documents/synthetic-face-detection/training/dataset/fake/839_stylegan3.jpg,/home/guilhermemathiasreis/Documents/synthetic-face-detection/training/dataset/fake/863_stylegan3.jpg,False
3113,15631,2,fake,real,/home/guilhermemathiasreis/Documents/synthetic-face-detection/training/dataset/fake/1701_sd_21.jpg,/home/guilhermemathiasreis/Documents/synthetic-face-detection/training/dataset/real/834_ffhq.jpg,True
4159,15343,3,fake,real,/home/guilhermemathiasreis/Documents/synthetic-face-detection/training/dataset/fake/1937_stylegan3.jpg,/home/guilhermemathiasreis/Documents/synthetic-face-detection/training/dataset/real/704_ffhq.jpg,True
7065,8318,4,fake,real,/home/guilhermemathiasreis/Documents/synthetic-face-detection/training/dataset/fake/790_sd_21.jpg,/home/guilhermemathiasreis/Documents/synthetic-face-detection/training/dataset/real/1144_celebhq.jpg,True
3770,9642,4,fake,real,/home/guilhermemathiasreis/Documents/synthetic-face-detection/training/dataset/fake/184_stylegan2.jpg,/home/guilhermemathiasreis/Documents/synthetic-face-detection/training/dataset/real/1740_celebhq.jpg,True
157,15226,4,fake,real,/home/guilhermemathiasreis/Documents/synthetic-face-detection/training/dataset/fake/1036_sd_21.jpg,/home/guilhermemathiasreis/Documents/synthetic-face-detection/training/dataset/real/652_celebhq.jpg,True
1023,10989,4,fake,real,/home/guilhermemathiasreis/Documents/synthetic-face-detection/training/dataset/fake/1230_stylegan3.jpg,/home/guilhermemathiasreis/Documents/synthetic-face-detection/training/dataset/real/262_celebhq.jpg,True
1923,3785,4,fake,fake,/home/guilhermemathiasreis/Documents/synthetic-face-detection/training/dataset/fake/1433_stylegan3.jpg,/home/guilhermemathiasreis/Documents/synthetic-face-detection/training/dataset/fake/1853_sd_21.jpg,False
1767,8452,4,fake,real,/home/guilhermemathiasreis/Documents/synthetic-face-detection/training/dataset/fake/1399_stylegan3.jpg,/home/guilhermemathiasreis/Documents/synthetic-face-detection/training/dataset/real/1204_celebhq.jpg,True
4089,5889,4,fake,fake,/home/guilhermemathiasreis/Documents/synthetic-face-detection/training/dataset/fake/1921_sd_21.jpg,/home/guilhermemathiasreis/Documents/synthetic-face-detection/training/dataset/fake/525_sd_21.jpg,False
7417,15308,4,fake,real,/home/guilhermemathiasreis/Documents/synthetic-face-detection/training/dataset/fake/86_sd_21.jpg,/home/guilhermemathiasreis/Documents/synthetic-face-detection/training/dataset/real/68_celebhq.jpg,True
63,4757,4,fake,fake,/home/guilhermemathiasreis/Documents/synthetic-face-detection/training/dataset/fake/1014_stylegan3.jpg,/home/guilhermemathiasreis/Documents/synthetic-face-detection/training/dataset/fake/270_sd_21.jpg,False
5281,9728,4,fake,real,/home/guilhermemathiasreis/Documents/synthetic-face-detection/training/dataset/fake/389_sd_21.jpg,/home/guilhermemathiasreis/Documents/synthetic-face-detection/training/dataset/real/177_celebhq.jpg,True
1326,14255,4,fake,real,/home/guilhermemathiasreis/Documents/synthetic-face-detection/training/dataset/fake/129_stylegan2.jpg,/home/guilhermemathiasreis/Documents/synthetic-face-detection/training/dataset/real/5300_ffhq.jpg,True
12785,15830,4,real,real,/home/guilhermemathiasreis/Documents/synthetic-face-detection/training/dataset/real/409_celebhq.jpg,/home/guilhermemathiasreis/Documents/synthetic-face-detection/training/dataset/real/924_celebhq.jpg,False
8832,14255,4,real,real,/home/guilhermemathiasreis/Documents/synthetic-face-detection/training/dataset/real/1376_celebhq.jpg,/home/guilhermemathiasreis/Documents/synthetic-face-detection/training/dataset/real/5300_ffhq.jpg,False
9403,10745,4,real,real,/home/guilhermemathiasreis/Documents/synthetic-face-detection/training/dataset/real/1632_ffhq.jpg,/home/guilhermemathiasreis/Documents/synthetic-face-detection/training/dataset/real/242_celebhq.jpg,False
4014,6571,3,fake,fake,/home/guilhermemathiasreis/Documents/synthetic-face-detection/training/dataset/fake/1904_stylegan2.jpg,/home/guilhermemathiasreis/Documents/synthetic-face-detection/training/dataset/fake/679_stylegan3.jpg,False
1819,3381,4,fake,fake,/home/guilhermemathiasreis/Documents/synthetic-face-detection/training/dataset/fake/140_stylegan3.jpg,/home/guilhermemathiasreis/Documents/synthetic-face-detection/training/dataset/fake/1762_sd_21.jpg,False
1480,6387,3,fake,fake,/home/guilhermemathiasreis/Documents/synthetic-face-detection/training/dataset/fake/1334_sd_14.jpg,/home/guilhermemathiasreis/Documents/synthetic-face-detection/training/dataset/fake/637_stylegan3.jpg,False
5673,5839,3,fake,fake,/home/guilhermemathiasreis/Documents/synthetic-face-detection/training/dataset/fake/477_sd_21.jpg,/home/guilhermemathiasreis/Documents/synthetic-face-detection/training/dataset/fake/513_stylegan3.jpg,False
1107,5995,4,fake,fake,/home/guilhermemathiasreis/Documents/synthetic-face-detection/training/dataset/fake/124_stylegan3.jpg,/home/guilhermemathiasreis/Documents/synthetic-face-detection/training/dataset/fake/549_stylegan3.jpg,False
391,3522,3,fake,fake,/home/guilhermemathiasreis/Documents/synthetic-face-detection/training/dataset/fake/1089_stylegan3.jpg,/home/guilhermemathiasreis/Documents/synthetic-face-detection/training/dataset/fake/1794_stylegan2.jpg,False
9546,12909,4,real,real,/home/guilhermemathiasreis/Documents/synthetic-face-detection/training/dataset/real/1698_celebhq.jpg,/home/guilhermemathiasreis/Documents/synthetic-face-detection/training/dataset/real/41_celebhq.jpg,False
3711,6070,4,fake,fake,/home/guilhermemathiasreis/Documents/synthetic-face-detection/training/dataset/fake/1836_stylegan3.jpg,/home/guilhermemathiasreis/Documents/synthetic-face-detection/training/dataset/fake/566_stylegan2.jpg,False
253,11403,4,fake,real,/home/guilhermemathiasreis/Documents/synthetic-face-detection/training/dataset/fake/1058_sd_21.jpg,/home/guilhermemathiasreis/Documents/synthetic-face-detection/training/dataset/real/296_celebhq.jpg,True
1023,15942,3,fake,real,/home/guilhermemathiasreis/Documents/synthetic-face-detection/training/dataset/fake/1230_stylegan3.jpg,/home/guilhermemathiasreis/Documents/synthetic-face-detection/training/dataset/real/975_celebhq.jpg,True
2659,7974,4,fake,fake,/home/guilhermemathiasreis/Documents/synthetic-face-detection/training/dataset/fake/159_stylegan3.jpg,/home/guilhermemathiasreis/Documents/synthetic-face-detection/training/dataset/fake/995_stylegan2.jpg,False
1023,4159,4,fake,fake,/home/guilhermemathiasreis/Documents/synthetic-face-detection/training/dataset/fake/1230_stylegan3.jpg,/home/guilhermemathiasreis/Documents/synthetic-face-detection/training/dataset/fake/1937_stylegan3.jpg,False
596,3480,4,fake,fake,/home/guilhermemathiasreis/Documents/synthetic-face-detection/training/dataset/fake/1135_sd_14.jpg,/home/guilhermemathiasreis/Documents/synthetic-face-detection/training/dataset/fake/1785_sd_14.jpg,False
6322,8042,4,fake,real,/home/guilhermemathiasreis/Documents/synthetic-face-detection/training/dataset/fake/622_stylegan2.jpg,/home/guilhermemathiasreis/Documents/synthetic-face-detection/training/dataset/real/101_celebhq.jpg,True
11394,15178,4,real,real,/home/guilhermemathiasreis/Documents/synthetic-face-detection/training/dataset/real/2961_ffhq.jpg,/home/guilhermemathiasreis/Documents/synthetic-face-detection/training/dataset/real/630_celebhq.jpg,False
7301,10186,4,fake,real,/home/guilhermemathiasreis/Documents/synthetic-face-detection/training/dataset/fake/843_sd_21.jpg,/home/guilhermemathiasreis/Documents/synthetic-face-detection/training/dataset/real/1986_celebhq.jpg,True
1269,7289,4,fake,fake,/home/guilhermemathiasreis/Documents/synthetic-face-detection/training/dataset/fake/1287_sd_21.jpg,/home/guilhermemathiasreis/Documents/synthetic-face-detection/training/dataset/fake/840_sd_21.jpg,False
3732,15478,4,fake,real,/home/guilhermemathiasreis/Documents/synthetic-face-detection/training/dataset/fake/1841_sd_14.jpg,/home/guilhermemathiasreis/Documents/synthetic-face-detection/training/dataset/real/766_celebhq.jpg,True
1767,4159,4,fake,fake,/home/guilhermemathiasreis/Documents/synthetic-face-detection/training/dataset/fake/1399_stylegan3.jpg,/home/guilhermemathiasreis/Documents/synthetic-face-detection/training/dataset/fake/1937_stylegan3.jpg,False
391,1107,4,fake,fake,/home/guilhermemathiasreis/Documents/synthetic-face-detection/training/dataset/fake/1089_stylegan3.jpg,/home/guilhermemathiasreis/Documents/synthetic-face-detection/training/dataset/fake/124_stylegan3.jpg,False
6458,14555,4,fake,real,/home/guilhermemathiasreis/Documents/synthetic-face-detection/training/dataset/fake/653_stylegan2.jpg,/home/guilhermemathiasreis/Documents/synthetic-face-detection/training/dataset/real/5548_ffhq.jpg,True
1555,11049,4,fake,real,/home/guilhermemathiasreis/Documents/synthetic-face-detection/training/dataset/fake/1350_stylegan3.jpg,/home/guilhermemathiasreis/Documents/synthetic-face-detection/training/dataset/real/267_celebhq.jpg,True
5889,7941,3,fake,fake,/home/guilhermemathiasreis/Documents/synthetic-face-detection/training/dataset/fake/525_sd_21.jpg,/home/guilhermemathiasreis/Documents/synthetic-face-detection/training/dataset/fake/988_sd_21.jpg,False
10856,15488,4,real,real,/home/guilhermemathiasreis/Documents/synthetic-face-detection/training/dataset/real/251_ffhq.jpg,/home/guilhermemathiasreis/Documents/synthetic-face-detection/training/dataset/real/770_celebhq.jpg,False
11062,15340,4,real,real,/home/guilhermemathiasreis/Documents/synthetic-face-detection/training/dataset/real/268_ffhq.jpg,/home/guilhermemathiasreis/Documents/synthetic-face-detection/training/dataset/real/703_celebhq.jpg,False
2965,10367,4,fake,real,/home/guilhermemathiasreis/Documents/synthetic-face-detection/training/dataset/fake/1669_sd_21.jpg,/home/guilhermemathiasreis/Documents/synthetic-face-detection/training/dataset/real/211_celebhq.jpg,True
1996,4089,3,fake,fake,/home/guilhermemathiasreis/Documents/synthetic-face-detection/training/dataset/fake/1450_sd_14.jpg,/home/guilhermemathiasreis/Documents/synthetic-face-detection/training/dataset/fake/1921_sd_21.jpg,False
5047,6650,4,fake,fake,/home/guilhermemathiasreis/Documents/synthetic-face-detection/training/dataset/fake/335_stylegan3.jpg,/home/guilhermemathiasreis/Documents/synthetic-face-detection/training/dataset/fake/697_stylegan2.jpg,False
3113,7289,2,fake,fake,/home/guilhermemathiasreis/Documents/synthetic-face-detection/training/dataset/fake/1701_sd_21.jpg,/home/guilhermemathiasreis/Documents/synthetic-face-detection/training/dataset/fake/840_sd_21.jpg,False
4757,5281,4,fake,fake,/home/guilhermemathiasreis/Documents/synthetic-face-detection/training/dataset/fake/270_sd_21.jpg,/home/guilhermemathiasreis/Documents/synthetic-face-detection/training/dataset/fake/389_sd_21.jpg,False
1996,4154,4,fake,fake,/home/guilhermemathiasreis/Documents/synthetic-face-detection/training/dataset/fake/1450_sd_14.jpg,/home/guilhermemathiasreis/Documents/synthetic-face-detection/training/dataset/fake/1936_stylegan2.jpg,False
12479,13959,3,real,real,/home/guilhermemathiasreis/Documents/synthetic-face-detection/training/dataset/real/384_celebhq.jpg,/home/guilhermemathiasreis/Documents/synthetic-face-detection/training/dataset/real/505_celebhq.jpg,False
8032,13543,3,real,real,/home/guilhermemathiasreis/Documents/synthetic-face-detection/training/dataset/real/1015_celebhq.jpg,/home/guilhermemathiasreis/Documents/synthetic-face-detection/training/dataset/real/471_celebhq.jpg,False
11143,15486,4,real,real,/home/guilhermemathiasreis/Documents/synthetic-face-detection/training/dataset/real/2756_ffhq.jpg,/home/guilhermemathiasreis/Documents/synthetic-face-detection/training/dataset/real/76_celebhq.jpg,False
4848,5651,3,fake,fake,/home/guilhermemathiasreis/Documents/synthetic-face-detection/training/dataset/fake/291_sd_14.jpg,/home/guilhermemathiasreis/Documents/synthetic-face-detection/training/dataset/fake/471_stylegan3.jpg,False
6354,15200,4,fake,real,/home/guilhermemathiasreis/Documents/synthetic-face-detection/training/dataset/fake/62_stylegan2.jpg,/home/guilhermemathiasreis/Documents/synthetic-face-detection/training/dataset/real/640_celebhq.jpg,True
8676,9360,4,real,real,/home/guilhermemathiasreis/Documents/synthetic-face-detection/training/dataset/real/1305_celebhq.jpg,/home/guilhermemathiasreis/Documents/synthetic-face-detection/training/dataset/real/1613_celebhq.jpg,False
6973,13959,4,fake,real,/home/guilhermemathiasreis/Documents/synthetic-face-detection/training/dataset/fake/76_sd_21.jpg,/home/guilhermemathiasreis/Documents/synthetic-face-detection/training/dataset/real/505_celebhq.jpg,True
7368,15326,4,fake,real,/home/guilhermemathiasreis/Documents/synthetic-face-detection/training/dataset/fake/859_sd_14.jpg,/home/guilhermemathiasreis/Documents/synthetic-face-detection/training/dataset/real/698_celebhq.jpg,True
6571,7730,1,fake,fake,/home/guilhermemathiasreis/Documents/synthetic-face-detection/training/dataset/fake/679_stylegan3.jpg,/home/guilhermemathiasreis/Documents/synthetic-face-detection/training/dataset/fake/93_stylegan2.jpg,False
1197,4401,3,fake,fake,/home/guilhermemathiasreis/Documents/synthetic-face-detection/training/dataset/fake/1270_sd_21.jpg,/home/guilhermemathiasreis/Documents/synthetic-face-detection/training/dataset/fake/1992_sd_21.jpg,False
930,7523,4,fake,fake,/home/guilhermemathiasreis/Documents/synthetic-face-detection/training/dataset/fake/120_stylegan2.jpg,/home/guilhermemathiasreis/Documents/synthetic-face-detection/training/dataset/fake/893_stylegan3.jpg,False
6354,7703,4,fake,fake,/home/guilhermemathiasreis/Documents/synthetic-face-detection/training/dataset/fake/62_stylegan2.jpg,/home/guilhermemathiasreis/Documents/synthetic-face-detection/training/dataset/fake/933_stylegan3.jpg,False
2984,9792,4,fake,real,/home/guilhermemathiasreis/Documents/synthetic-face-detection/training/dataset/fake/1673_sd_14.jpg,/home/guilhermemathiasreis/Documents/synthetic-face-detection/training/dataset/real/1808_celebhq.jpg,True
2255,6571,3,fake,fake,/home/guilhermemathiasreis/Documents/synthetic-face-detection/training/dataset/fake/1508_stylegan3.jpg,/home/guilhermemathiasreis/Documents/synthetic-face-detection/training/dataset/fake/679_stylegan3.jpg,False
1107,2532,4,fake,fake,/home/guilhermemathiasreis/Documents/synthetic-face-detection/training/dataset/fake/124_stylegan3.jpg,/home/guilhermemathiasreis/Documents/synthetic-face-detection/training/dataset/fake/1571_sd_14.jpg,False
6527,7391,4,fake,fake,/home/guilhermemathiasreis/Documents/synthetic-face-detection/training/dataset/fake/669_stylegan3.jpg,/home/guilhermemathiasreis/Documents/synthetic-face-detection/training/dataset/fake/863_stylegan3.jpg,False
1197,5889,4,fake,fake,/home/guilhermemathiasreis/Documents/synthetic-face-detection/training/dataset/fake/1270_sd_21.jpg,/home/guilhermemathiasreis/Documents/synthetic-face-detection/training/dataset/fake/525_sd_21.jpg,False
9922,15430,4,real,real,/home/guilhermemathiasreis/Documents/synthetic-face-detection/training/dataset/real/1867_celebhq.jpg,/home/guilhermemathiasreis/Documents/synthetic-face-detection/training/dataset/real/744_celebhq.jpg,False
275,5906,4,fake,fake,/home/guilhermemathiasreis/Documents/synthetic-face-detection/training/dataset/fake/1062_stylegan3.jpg,/home/guilhermemathiasreis/Documents/synthetic-face-detection/training/dataset/fake/529_stylegan2.jpg,False
2659,13749,4,fake,real,/home/guilhermemathiasreis/Documents/synthetic-face-detection/training/dataset/fake/159_stylegan3.jpg,/home/guilhermemathiasreis/Documents/synthetic-face-detection/training/dataset/real/488_celebhq.jpg,True
631,5352,4,fake,fake,/home/guilhermemathiasreis/Documents/synthetic-face-detection/training/dataset/fake/1142_stylegan3.jpg,/home/guilhermemathiasreis/Documents/synthetic-face-detection/training/dataset/fake/404_sd_14.jpg,False
4089,4159,4,fake,fake,/home/guilhermemathiasreis/Documents/synthetic-face-detection/training/dataset/fake/1921_sd_21.jpg,/home/guilhermemathiasreis/Documents/synthetic-face-detection/training/dataset/fake/1937_stylegan3.jpg,False
4089,15194,3,fake,real,/home/guilhermemathiasreis/Documents/synthetic-face-detection/training/dataset/fake/1921_sd_21.jpg,/home/guilhermemathiasreis/Documents/synthetic-face-detection/training/dataset/real/638_celebhq.jpg,True
4014,5198,3,fake,fake,/home/guilhermemathiasreis/Documents/synthetic-face-detection/training/dataset/fake/1904_stylegan2.jpg,/home/guilhermemathiasreis/Documents/synthetic-face-detection/training/dataset/fake/36_stylegan2.jpg,False
15631,15946,4,real,real,/home/guilhermemathiasreis/Documents/synthetic-face-detection/training/dataset/real/834_ffhq.jpg,/home/guilhermemathiasreis/Documents/synthetic-face-detection/training/dataset/real/977_celebhq.jpg,False
7391,9112,4,fake,real,/home/guilhermemathiasreis/Documents/synthetic-face-detection/training/dataset/fake/863_stylegan3.jpg,/home/guilhermemathiasreis/Documents/synthetic-face-detection/training/dataset/real/1501_celebhq.jpg,True
4447,5619,4,fake,fake,/home/guilhermemathiasreis/Documents/synthetic-face-detection/training/dataset/fake/2000_stylegan3.jpg,/home/guilhermemathiasreis/Documents/synthetic-face-detection/training/dataset/fake/464_stylegan3.jpg,False
3073,13965,4,fake,real,/home/guilhermemathiasreis/Documents/synthetic-face-detection/training/dataset/fake/1693_sd_21.jpg,/home/guilhermemathiasreis/Documents/synthetic-face-detection/training/dataset/real/5064_ffhq.jpg,True
6914,13770,4,fake,real,/home/guilhermemathiasreis/Documents/synthetic-face-detection/training/dataset/fake/756_stylegan2.jpg,/home/guilhermemathiasreis/Documents/synthetic-face-detection/training/dataset/real/4905_ffhq.jpg,True
5673,15802,4,fake,real,/home/guilhermemathiasreis/Documents/synthetic-face-detection/training/dataset/fake/477_sd_21.jpg,/home/guilhermemathiasreis/Documents/synthetic-face-detection/training/dataset/real/911_celebhq.jpg,True
321,15830,3,fake,real,/home/guilhermemathiasreis/Documents/synthetic-face-detection/training/dataset/fake/1073_sd_21.jpg,/home/guilhermemathiasreis/Documents/synthetic-face-detection/training/dataset/real/924_celebhq.jpg,True
15180,15824,3,real,real,/home/guilhermemathiasreis/Documents/synthetic-face-detection/training/dataset/real/631_celebhq.jpg,/home/guilhermemathiasreis/Documents/synthetic-face-detection/training/dataset/real/921_celebhq.jpg,False
391,2751,3,fake,fake,/home/guilhermemathiasreis/Documents/synthetic-face-detection/training/dataset/fake/1089_stylegan3.jpg,/home/guilhermemathiasreis/Documents/synthetic-face-detection/training/dataset/fake/161_stylegan3.jpg,False
1197,1767,4,fake,fake,/home/guilhermemathiasreis/Documents/synthetic-face-detection/training/dataset/fake/1270_sd_21.jpg,/home/guilhermemathiasreis/Documents/synthetic-face-detection/training/dataset/fake/1399_stylegan3.jpg,False
8452,8832,3,real,real,/home/guilhermemathiasreis/Documents/synthetic-face-detection/training/dataset/real/1204_celebhq.jpg,/home/guilhermemathiasreis/Documents/synthetic-face-detection/training/dataset/real/1376_celebhq.jpg,False
655,5170,3,fake,fake,/home/guilhermemathiasreis/Documents/synthetic-face-detection/training/dataset/fake/1148_stylegan3.jpg,/home/guilhermemathiasreis/Documents/synthetic-face-detection/training/dataset/fake/363_stylegan2.jpg,False
2158,4191,3,fake,fake,/home/guilhermemathiasreis/Documents/synthetic-face-detection/training/dataset/fake/1487_stylegan2.jpg,/home/guilhermemathiasreis/Documents/synthetic-face-detection/training/dataset/fake/1944_stylegan3.jpg,False
1990,6758,4,fake,fake,/home/guilhermemathiasreis/Documents/synthetic-face-detection/training/dataset/fake/1449_stylegan2.jpg,/home/guilhermemathiasreis/Documents/synthetic-face-detection/training/dataset/fake/720_stylegan2.jpg,False
338,1846,3,fake,fake,/home/guilhermemathiasreis/Documents/synthetic-face-detection/training/dataset/fake/1077_stylegan2.jpg,/home/guilhermemathiasreis/Documents/synthetic-face-detection/training/dataset/fake/1416_stylegan2.jpg,False
4933,10056,3,fake,real,/home/guilhermemathiasreis/Documents/synthetic-face-detection/training/dataset/fake/30_sd_21.jpg,/home/guilhermemathiasreis/Documents/synthetic-face-detection/training/dataset/real/1927_celebhq.jpg,True
7065,10695,3,fake,real,/home/guilhermemathiasreis/Documents/synthetic-face-detection/training/dataset/fake/790_sd_21.jpg,/home/guilhermemathiasreis/Documents/synthetic-face-detection/training/dataset/real/238_celebhq.jpg,True
3628,8318,4,fake,real,/home/guilhermemathiasreis/Documents/synthetic-face-detection/training/dataset/fake/1818_sd_14.jpg,/home/guilhermemathiasreis/Documents/synthetic-face-detection/training/dataset/real/1144_celebhq.jpg,True
949,1777,3,fake,fake,/home/guilhermemathiasreis/Documents/synthetic-face-detection/training/dataset/fake/1214_sd_21.jpg,/home/guilhermemathiasreis/Documents/synthetic-face-detection/training/dataset/fake/1400_sd_21.jpg,False
1703,7417,4,fake,fake,/home/guilhermemathiasreis/Documents/synthetic-face-detection/training/dataset/fake/1384_stylegan3.jpg,/home/guilhermemathiasreis/Documents/synthetic-face-detection/training/dataset/fake/86_sd_21.jpg,False
1326,2751,3,fake,fake,/home/guilhermemathiasreis/Documents/synthetic-face-detection/training/dataset/fake/129_stylegan2.jpg,/home/guilhermemathiasreis/Documents/synthetic-face-detection/training/dataset/fake/161_stylegan3.jpg,False
3867,7789,4,fake,fake,/home/guilhermemathiasreis/Documents/synthetic-face-detection/training/dataset/fake/1871_stylegan3.jpg,/home/guilhermemathiasreis/Documents/synthetic-face-detection/training/dataset/fake/953_sd_21.jpg,False
1200,10618,3,fake,real,/home/guilhermemathiasreis/Documents/synthetic-face-detection/training/dataset/fake/1271_sd_14.jpg,/home/guilhermemathiasreis/Documents/synthetic-face-detection/training/dataset/real/2325_ffhq.jpg,True
3628,6139,4,fake,fake,/home/guilhermemathiasreis/Documents/synthetic-face-detection/training/dataset/fake/1818_sd_14.jpg,/home/guilhermemathiasreis/Documents/synthetic-face-detection/training/dataset/fake/581_stylegan3.jpg,False
2902,6517,2,fake,fake,/home/guilhermemathiasreis/Documents/synthetic-face-detection/training/dataset/fake/1654_stylegan2.jpg,/home/guilhermemathiasreis/Documents/synthetic-face-detection/training/dataset/fake/667_sd_21.jpg,False
6195,15326,3,fake,real,/home/guilhermemathiasreis/Documents/synthetic-face-detection/training/dataset/fake/594_stylegan3.jpg,/home/guilhermemathiasreis/Documents/synthetic-face-detection/training/dataset/real/698_celebhq.jpg,True
5198,13473,4,fake,real,/home/guilhermemathiasreis/Documents/synthetic-face-detection/training/dataset/fake/36_stylegan2.jpg,/home/guilhermemathiasreis/Documents/synthetic-face-detection/training/dataset/real/4662_ffhq.jpg,True
3117,10465,4,fake,real,/home/guilhermemathiasreis/Documents/synthetic-face-detection/training/dataset/fake/1702_sd_21.jpg,/home/guilhermemathiasreis/Documents/synthetic-face-detection/training/dataset/real/21_celebhq.jpg,True
275,12567,4,fake,real,/home/guilhermemathiasreis/Documents/synthetic-face-detection/training/dataset/fake/1062_stylegan3.jpg,/home/guilhermemathiasreis/Documents/synthetic-face-detection/training/dataset/real/3920_ffhq.jpg,True
1767,11049,4,fake,real,/home/guilhermemathiasreis/Documents/synthetic-face-detection/training/dataset/fake/1399_stylegan3.jpg,/home/guilhermemathiasreis/Documents/synthetic-face-detection/training/dataset/real/267_celebhq.jpg,True
2167,6555,3,fake,fake,/home/guilhermemathiasreis/Documents/synthetic-face-detection/training/dataset/fake/1489_stylegan3.jpg,/home/guilhermemathiasreis/Documents/synthetic-face-detection/training/dataset/fake/675_stylegan3.jpg,False
3553,5099,3,fake,fake,/home/guilhermemathiasreis/Documents/synthetic-face-detection/training/dataset/fake/1800_sd_21.jpg,/home/guilhermemathiasreis/Documents/synthetic-face-detection/training/dataset/fake/347_stylegan3.jpg,False
1555,5619,4,fake,fake,/home/guilhermemathiasreis/Documents/synthetic-face-detection/training/dataset/fake/1350_stylegan3.jpg,/home/guilhermemathiasreis/Documents/synthetic-face-detection/training/dataset/fake/464_stylegan3.jpg,False
491,4154,1,fake,fake,/home/guilhermemathiasreis/Documents/synthetic-face-detection/training/dataset/fake/1110_stylegan3.jpg,/home/guilhermemathiasreis/Documents/synthetic-face-detection/training/dataset/fake/1936_stylegan2.jpg,False
1107,10186,3,fake,real,/home/guilhermemathiasreis/Documents/synthetic-face-detection/training/dataset/fake/124_stylegan3.jpg,/home/guilhermemathiasreis/Documents/synthetic-face-detection/training/dataset/real/1986_celebhq.jpg,True
2487,4483,4,fake,fake,/home/guilhermemathiasreis/Documents/synthetic-face-detection/training/dataset/fake/1560_stylegan3.jpg,/home/guilhermemathiasreis/Documents/synthetic-face-detection/training/dataset/fake/208_stylegan3.jpg,False
275,4159,4,fake,fake,/home/guilhermemathiasreis/Documents/synthetic-face-detection/training/dataset/fake/1062_stylegan3.jpg,/home/guilhermemathiasreis/Documents/synthetic-face-detection/training/dataset/fake/1937_stylegan3.jpg,False
2762,15540,4,fake,real,/home/guilhermemathiasreis/Documents/synthetic-face-detection/training/dataset/fake/1622_stylegan2.jpg,/home/guilhermemathiasreis/Documents/synthetic-face-detection/training/dataset/real/794_celebhq.jpg,True
949,15732,4,fake,real,/home/guilhermemathiasreis/Documents/synthetic-face-detection/training/dataset/fake/1214_sd_21.jpg,/home/guilhermemathiasreis/Documents/synthetic-face-detection/training/dataset/real/880_celebhq.jpg,True
889,2387,4,fake,fake,/home/guilhermemathiasreis/Documents/synthetic-face-detection/training/dataset/fake/1200_sd_21.jpg,/home/guilhermemathiasreis/Documents/synthetic-face-detection/training/dataset/fake/1538_stylegan3.jpg,False
8647,15308,4,real,real,/home/guilhermemathiasreis/Documents/synthetic-face-detection/training/dataset/real/1292_ffhq.jpg,/home/guilhermemathiasreis/Documents/synthetic-face-detection/training/dataset/real/68_celebhq.jpg,False
1815,4219,4,fake,fake,/home/guilhermemathiasreis/Documents/synthetic-face-detection/training/dataset/fake/1409_stylegan3.jpg,/home/guilhermemathiasreis/Documents/synthetic-face-detection/training/dataset/fake/1950_stylegan3.jpg,False
8130,15942,3,real,real,/home/guilhermemathiasreis/Documents/synthetic-face-detection/training/dataset/real/105_celebhq.jpg,/home/guilhermemathiasreis/Documents/synthetic-face-detection/training/dataset/real/975_celebhq.jpg,False
1607,5370,4,fake,fake,/home/guilhermemathiasreis/Documents/synthetic-face-detection/training/dataset/fake/1362_stylegan3.jpg,/home/guilhermemathiasreis/Documents/synthetic-face-detection/training/dataset/fake/408_stylegan2.jpg,False
391,15430,4,fake,real,/home/guilhermemathiasreis/Documents/synthetic-face-detection/training/dataset/fake/1089_stylegan3.jpg,/home/guilhermemathiasreis/Documents/synthetic-face-detection/training/dataset/real/744_celebhq.jpg,True
7379,15942,4,fake,real,/home/guilhermemathiasreis/Documents/synthetic-face-detection/training/dataset/fake/860_stylegan3.jpg,/home/guilhermemathiasreis/Documents/synthetic-face-detection/training/dataset/real/975_celebhq.jpg,True
6722,11097,4,fake,real,/home/guilhermemathiasreis/Documents/synthetic-face-detection/training/dataset/fake/712_stylegan2.jpg,/home/guilhermemathiasreis/Documents/synthetic-face-detection/training/dataset/real/2718_ffhq.jpg,True
7379,15194,4,fake,real,/home/guilhermemathiasreis/Documents/synthetic-face-detection/training/dataset/fake/860_stylegan3.jpg,/home/guilhermemathiasreis/Documents/synthetic-face-detection/training/dataset/real/638_celebhq.jpg,True
6571,14555,4,fake,real,/home/guilhermemathiasreis/Documents/synthetic-face-detection/training/dataset/fake/679_stylegan3.jpg,/home/guilhermemathiasreis/Documents/synthetic-face-detection/training/dataset/real/5548_ffhq.jpg,True
9360,15426,4,real,real,/home/guilhermemathiasreis/Documents/synthetic-face-detection/training/dataset/real/1613_celebhq.jpg,/home/guilhermemathiasreis/Documents/synthetic-face-detection/training/dataset/real/742_celebhq.jpg,False
3091,8480,3,fake,real,/home/guilhermemathiasreis/Documents/synthetic-face-detection/training/dataset/fake/1697_stylegan3.jpg,/home/guilhermemathiasreis/Documents/synthetic-face-detection/training/dataset/real/1217_celebhq.jpg,True
1767,7301,4,fake,fake,/home/guilhermemathiasreis/Documents/synthetic-face-detection/training/dataset/fake/1399_stylegan3.jpg,/home/guilhermemathiasreis/Documents/synthetic-face-detection/training/dataset/fake/843_sd_21.jpg,False
7065,9403,4,fake,real,/home/guilhermemathiasreis/Documents/synthetic-face-detection/training/dataset/fake/790_sd_21.jpg,/home/guilhermemathiasreis/Documents/synthetic-face-detection/training/dataset/real/1632_ffhq.jpg,True
2252,4584,4,fake,fake,/home/guilhermemathiasreis/Documents/synthetic-face-detection/training/dataset/fake/1508_sd_14.jpg,/home/guilhermemathiasreis/Documents/synthetic-face-detection/training/dataset/fake/231_sd_14.jpg,False
6527,8572,4,fake,real,/home/guilhermemathiasreis/Documents/synthetic-face-detection/training/dataset/fake/669_stylegan3.jpg,/home/guilhermemathiasreis/Documents/synthetic-face-detection/training/dataset/real/1259_celebhq.jpg,True
6973,8318,3,fake,real,/home/guilhermemathiasreis/Documents/synthetic-face-detection/training/dataset/fake/76_sd_21.jpg,/home/guilhermemathiasreis/Documents/synthetic-face-detection/training/dataset/real/1144_celebhq.jpg,True
596,7289,4,fake,fake,/home/guilhermemathiasreis/Documents/synthetic-face-detection/training/dataset/fake/1135_sd_14.jpg,/home/guilhermemathiasreis/Documents/synthetic-face-detection/training/dataset/fake/840_sd_21.jpg,False
9970,15343,4,real,real,/home/guilhermemathiasreis/Documents/synthetic-face-detection/training/dataset/real/1889_celebhq.jpg,/home/guilhermemathiasreis/Documents/synthetic-face-detection/training/dataset/real/704_ffhq.jpg,False
3480,8318,4,fake,real,/home/guilhermemathiasreis/Documents/synthetic-face-detection/training/dataset/fake/1785_sd_14.jpg,/home/guilhermemathiasreis/Documents/synthetic-face-detection/training/dataset/real/1144_celebhq.jpg,True
60,5246,4,fake,fake,/home/guilhermemathiasreis/Documents/synthetic-face-detection/training/dataset/fake/1014_sd_14.jpg,/home/guilhermemathiasreis/Documents/synthetic-face-detection/training/dataset/fake/380_stylegan2.jpg,False
2866,3788,4,fake,fake,/home/guilhermemathiasreis/Documents/synthetic-face-detection/training/dataset/fake/1646_stylegan2.jpg,/home/guilhermemathiasreis/Documents/synthetic-face-detection/training/dataset/fake/1854_sd_14.jpg,False
4447,13639,4,fake,real,/home/guilhermemathiasreis/Documents/synthetic-face-detection/training/dataset/fake/2000_stylegan3.jpg,/home/guilhermemathiasreis/Documents/synthetic-face-detection/training/dataset/real/479_celebhq.jpg,True
4089,11049,2,fake,real,/home/guilhermemathiasreis/Documents/synthetic-face-detection/training/dataset/fake/1921_sd_21.jpg,/home/guilhermemathiasreis/Documents/synthetic-face-detection/training/dataset/real/267_celebhq.jpg,True
122,9873,4,fake,real,/home/guilhermemathiasreis/Documents/synthetic-face-detection/training/dataset/fake/1028_stylegan2.jpg,/home/guilhermemathiasreis/Documents/synthetic-face-detection/training/dataset/real/1844_ffhq.jpg,True
2009,4159,4,fake,fake,/home/guilhermemathiasreis/Documents/synthetic-face-detection/training/dataset/fake/1453_sd_21.jpg,/home/guilhermemathiasreis/Documents/synthetic-face-detection/training/dataset/fake/1937_stylegan3.jpg,False
4347,14555,4,fake,real,/home/guilhermemathiasreis/Documents/synthetic-face-detection/training/dataset/fake/197_stylegan3.jpg,/home/guilhermemathiasreis/Documents/synthetic-face-detection/training/dataset/real/5548_ffhq.jpg,True
5179,6959,3,fake,fake,/home/guilhermemathiasreis/Documents/synthetic-face-detection/training/dataset/fake/365_stylegan3.jpg,/home/guilhermemathiasreis/Documents/synthetic-face-detection/training/dataset/fake/766_stylegan3.jpg,False
8832,15194,4,real,real,/home/guilhermemathiasreis/Documents/synthetic-face-detection/training/dataset/real/1376_celebhq.jpg,/home/guilhermemathiasreis/Documents/synthetic-face-detection/training/dataset/real/638_celebhq.jpg,False
1684,4278,4,fake,fake,/home/guilhermemathiasreis/Documents/synthetic-face-detection/training/dataset/fake/1380_sd_14.jpg,/home/guilhermemathiasreis/Documents/synthetic-face-detection/training/dataset/fake/1964_stylegan2.jpg,False
5695,15478,3,fake,real,/home/guilhermemathiasreis/Documents/synthetic-face-detection/training/dataset/fake/481_stylegan3.jpg,/home/guilhermemathiasreis/Documents/synthetic-face-detection/training/dataset/real/766_celebhq.jpg,True
379,507,4,fake,fake,/home/guilhermemathiasreis/Documents/synthetic-face-detection/training/dataset/fake/1086_stylegan3.jpg,/home/guilhermemathiasreis/Documents/synthetic-face-detection/training/dataset/fake/1114_stylegan3.jpg,False
491,6099,2,fake,fake,/home/guilhermemathiasreis/Documents/synthetic-face-detection/training/dataset/fake/1110_stylegan3.jpg,/home/guilhermemathiasreis/Documents/synthetic-face-detection/training/dataset/fake/572_stylegan3.jpg,False
5352,6566,4,fake,fake,/home/guilhermemathiasreis/Documents/synthetic-face-detection/training/dataset/fake/404_sd_14.jpg,/home/guilhermemathiasreis/Documents/synthetic-face-detection/training/dataset/fake/678_stylegan2.jpg,False
5172,7724,3,fake,fake,/home/guilhermemathiasreis/Documents/synthetic-face-detection/training/dataset/fake/364_sd_14.jpg,/home/guilhermemathiasreis/Documents/synthetic-face-detection/training/dataset/fake/939_sd_14.jpg,False
275,6478,4,fake,fake,/home/guilhermemathiasreis/Documents/synthetic-face-detection/training/dataset/fake/1062_stylegan3.jpg,/home/guilhermemathiasreis/Documents/synthetic-face-detection/training/dataset/fake/658_stylegan2.jpg,False
11147,14681,4,real,real,/home/guilhermemathiasreis/Documents/synthetic-face-detection/training/dataset/real/275_celebhq.jpg,/home/guilhermemathiasreis/Documents/synthetic-face-detection/training/dataset/real/5650_ffhq.jpg,False
2323,2939,4,fake,fake,/home/guilhermemathiasreis/Documents/synthetic-face-detection/training/dataset/fake/1523_stylegan3.jpg,/home/guilhermemathiasreis/Documents/synthetic-face-detection/training/dataset/fake/1662_stylegan3.jpg,False
6458,8452,3,fake,real,/home/guilhermemathiasreis/Documents/synthetic-face-detection/training/dataset/fake/653_stylegan2.jpg,/home/guilhermemathiasreis/Documents/synthetic-face-detection/training/dataset/real/1204_celebhq.jpg,True
9970,15946,4,real,real,/home/guilhermemathiasreis/Documents/synthetic-face-detection/training/dataset/real/1889_celebhq.jpg,/home/guilhermemathiasreis/Documents/synthetic-face-detection/training/dataset/real/977_celebhq.jpg,False
1326,9112,3,fake,real,/home/guilhermemathiasreis/Documents/synthetic-face-detection/training/dataset/fake/129_stylegan2.jpg,/home/guilhermemathiasreis/Documents/synthetic-face-detection/training/dataset/real/1501_celebhq.jpg,True
4911,9403,4,fake,real,/home/guilhermemathiasreis/Documents/synthetic-face-detection/training/dataset/fake/304_stylegan3.jpg,/home/guilhermemathiasreis/Documents/synthetic-face-detection/training/dataset/real/1632_ffhq.jpg,True
2073,5694,4,fake,fake,/home/guilhermemathiasreis/Documents/synthetic-face-detection/training/dataset/fake/1468_sd_21.jpg,/home/guilhermemathiasreis/Documents/synthetic-face-detection/training/dataset/fake/481_stylegan2.jpg,False
1885,5242,3,fake,fake,/home/guilhermemathiasreis/Documents/synthetic-face-detection/training/dataset/fake/1425_sd_21.jpg,/home/guilhermemathiasreis/Documents/synthetic-face-detection/training/dataset/fake/37_stylegan2.jpg,False
1832,13959,4,fake,real,/home/guilhermemathiasreis/Documents/synthetic-face-detection/training/dataset/fake/1413_sd_14.jpg,/home/guilhermemathiasreis/Documents/synthetic-face-detection/training/dataset/real/505_celebhq.jpg,True
5040,6337,4,fake,fake,/home/guilhermemathiasreis/Documents/synthetic-face-detection/training/dataset/fake/334_sd_14.jpg,/home/guilhermemathiasreis/Documents/synthetic-face-detection/training/dataset/fake/626_sd_21.jpg,False
4597,15623,4,fake,real,/home/guilhermemathiasreis/Documents/synthetic-face-detection/training/dataset/fake/234_sd_21.jpg,/home/guilhermemathiasreis/Documents/synthetic-face-detection/training/dataset/real/830_ffhq.jpg,True
596,6973,3,fake,fake,/home/guilhermemathiasreis/Documents/synthetic-face-detection/training/dataset/fake/1135_sd_14.jpg,/home/guilhermemathiasreis/Documents/synthetic-face-detection/training/dataset/fake/76_sd_21.jpg,False
3628,15200,4,fake,real,/home/guilhermemathiasreis/Documents/synthetic-face-detection/training/dataset/fake/1818_sd_14.jpg,/home/guilhermemathiasreis/Documents/synthetic-face-detection/training/dataset/real/640_celebhq.jpg,True
5220,12921,3,fake,real,/home/guilhermemathiasreis/Documents/synthetic-face-detection/training/dataset/fake/375_sd_14.jpg,/home/guilhermemathiasreis/Documents/synthetic-face-detection/training/dataset/real/420_celebhq.jpg,True
1200,6099,3,fake,fake,/home/guilhermemathiasreis/Documents/synthetic-face-detection/training/dataset/fake/1271_sd_14.jpg,/home/guilhermemathiasreis/Documents/synthetic-face-detection/training/dataset/fake/572_stylegan3.jpg,False
8450,11283,4,real,real,/home/guilhermemathiasreis/Documents/synthetic-face-detection/training/dataset/real/1203_celebhq.jpg,/home/guilhermemathiasreis/Documents/synthetic-face-detection/training/dataset/real/2870_ffhq.jpg,False
3711,6571,4,fake,fake,/home/guilhermemathiasreis/Documents/synthetic-face-detection/training/dataset/fake/1836_stylegan3.jpg,/home/guilhermemathiasreis/Documents/synthetic-face-detection/training/dataset/fake/679_stylegan3.jpg,False
12567,13639,4,real,real,/home/guilhermemathiasreis/Documents/synthetic-face-detection/training/dataset/real/3920_ffhq.jpg,/home/guilhermemathiasreis/Documents/synthetic-face-detection/training/dataset/real/479_celebhq.jpg,False
2939,15631,3,fake,real,/home/guilhermemathiasreis/Documents/synthetic-face-detection/training/dataset/fake/1662_stylegan3.jpg,/home/guilhermemathiasreis/Documents/synthetic-face-detection/training/dataset/real/834_ffhq.jpg,True
5466,6301,4,fake,fake,/home/guilhermemathiasreis/Documents/synthetic-face-detection/training/dataset/fake/42_stylegan2.jpg,/home/guilhermemathiasreis/Documents/synthetic-face-detection/training/dataset/fake/618_sd_21.jpg,False
1960,8318,4,fake,real,/home/guilhermemathiasreis/Documents/synthetic-face-detection/training/dataset/fake/1442_sd_14.jpg,/home/guilhermemathiasreis/Documents/synthetic-face-detection/training/dataset/real/1144_celebhq.jpg,True
2073,5914,4,fake,fake,/home/guilhermemathiasreis/Documents/synthetic-face-detection/training/dataset/fake/1468_sd_21.jpg,/home/guilhermemathiasreis/Documents/synthetic-face-detection/training/dataset/fake/530_stylegan2.jpg,False
1635,4159,4,fake,fake,/home/guilhermemathiasreis/Documents/synthetic-face-detection/training/dataset/fake/1369_stylegan3.jpg,/home/guilhermemathiasreis/Documents/synthetic-face-detection/training/dataset/fake/1937_stylegan3.jpg,False
236,1767,4,fake,fake,/home/guilhermemathiasreis/Documents/synthetic-face-detection/training/dataset/fake/1054_sd_14.jpg,/home/guilhermemathiasreis/Documents/synthetic-face-detection/training/dataset/fake/1399_stylegan3.jpg,False
8832,15488,4,real,real,/home/guilhermemathiasreis/Documents/synthetic-face-detection/training/dataset/real/1376_celebhq.jpg,/home/guilhermemathiasreis/Documents/synthetic-face-detection/training/dataset/real/770_celebhq.jpg,False
4879,7831,4,fake,fake,/home/guilhermemathiasreis/Documents/synthetic-face-detection/training/dataset/fake/298_stylegan3.jpg,/home/guilhermemathiasreis/Documents/synthetic-face-detection/training/dataset/fake/962_stylegan3.jpg,False
449,5433,2,fake,fake,/home/guilhermemathiasreis/Documents/synthetic-face-detection/training/dataset/fake/1101_sd_21.jpg,/home/guilhermemathiasreis/Documents/synthetic-face-detection/training/dataset/fake/422_sd_21.jpg,False
2694,5703,4,fake,fake,/home/guilhermemathiasreis/Documents/synthetic-face-detection/training/dataset/fake/1607_stylegan2.jpg,/home/guilhermemathiasreis/Documents/synthetic-face-detection/training/dataset/fake/483_stylegan3.jpg,False
15343,15942,4,real,real,/home/guilhermemathiasreis/Documents/synthetic-face-detection/training/dataset/real/704_ffhq.jpg,/home/guilhermemathiasreis/Documents/synthetic-face-detection/training/dataset/real/975_celebhq.jpg,False
14959,15716,3,real,real,/home/guilhermemathiasreis/Documents/synthetic-face-detection/training/dataset/real/587_celebhq.jpg,/home/guilhermemathiasreis/Documents/synthetic-face-detection/training/dataset/real/873_celebhq.jpg,False
15178,15294,4,real,real,/home/guilhermemathiasreis/Documents/synthetic-face-detection/training/dataset/real/630_celebhq.jpg,/home/guilhermemathiasreis/Documents/synthetic-face-detection/training/dataset/real/683_celebhq.jpg,False
113,6354,4,fake,fake,/home/guilhermemathiasreis/Documents/synthetic-face-detection/training/dataset/fake/1026_sd_21.jpg,/home/guilhermemathiasreis/Documents/synthetic-face-detection/training/dataset/fake/62_stylegan2.jpg,False
1555,1767,4,fake,fake,/home/guilhermemathiasreis/Documents/synthetic-face-detection/training/dataset/fake/1350_stylegan3.jpg,/home/guilhermemathiasreis/Documents/synthetic-face-detection/training/dataset/fake/1399_stylegan3.jpg,False
7379,8130,3,fake,real,/home/guilhermemathiasreis/Documents/synthetic-face-detection/training/dataset/fake/860_stylegan3.jpg,/home/guilhermemathiasreis/Documents/synthetic-face-detection/training/dataset/real/105_celebhq.jpg,True
1621,2396,3,fake,fake,/home/guilhermemathiasreis/Documents/synthetic-face-detection/training/dataset/fake/1366_sd_21.jpg,/home/guilhermemathiasreis/Documents/synthetic-face-detection/training/dataset/fake/1540_sd_14.jpg,False
491,5198,3,fake,fake,/home/guilhermemathiasreis/Documents/synthetic-face-detection/training/dataset/fake/1110_stylegan3.jpg,/home/guilhermemathiasreis/Documents/synthetic-face-detection/training/dataset/fake/36_stylegan2.jpg,False
1996,12909,4,fake,real,/home/guilhermemathiasreis/Documents/synthetic-face-detection/training/dataset/fake/1450_sd_14.jpg,/home/guilhermemathiasreis/Documents/synthetic-face-detection/training/dataset/real/41_celebhq.jpg,True
1749,14856,4,fake,real,/home/guilhermemathiasreis/Documents/synthetic-face-detection/training/dataset/fake/1395_sd_21.jpg,/home/guilhermemathiasreis/Documents/synthetic-face-detection/training/dataset/real/5795_ffhq.jpg,True
4089,7798,3,fake,fake,/home/guilhermemathiasreis/Documents/synthetic-face-detection/training/dataset/fake/1921_sd_21.jpg,/home/guilhermemathiasreis/Documents/synthetic-face-detection/training/dataset/fake/955_stylegan2.jpg,False
11143,14255,4,real,real,/home/guilhermemathiasreis/Documents/synthetic-face-detection/training/dataset/real/2756_ffhq.jpg,/home/guilhermemathiasreis/Documents/synthetic-face-detection/training/dataset/real/5300_ffhq.jpg,False
8318,9970,4,real,real,/home/guilhermemathiasreis/Documents/synthetic-face-detection/training/dataset/real/1144_celebhq.jpg,/home/guilhermemathiasreis/Documents/synthetic-face-detection/training/dataset/real/1889_celebhq.jpg,False
491,15623,4,fake,real,/home/guilhermemathiasreis/Documents/synthetic-face-detection/training/dataset/fake/1110_stylegan3.jpg,/home/guilhermemathiasreis/Documents/synthetic-face-detection/training/dataset/real/830_ffhq.jpg,True
2134,2247,4,fake,fake,/home/guilhermemathiasreis/Documents/synthetic-face-detection/training/dataset/fake/1481_stylegan2.jpg,/home/guilhermemathiasreis/Documents/synthetic-face-detection/training/dataset/fake/1506_stylegan3.jpg,False
1107,3480,2,fake,fake,/home/guilhermemathiasreis/Documents/synthetic-face-detection/training/dataset/fake/124_stylegan3.jpg,/home/guilhermemathiasreis/Documents/synthetic-face-detection/training/dataset/fake/1785_sd_14.jpg,False
1607,1819,3,fake,fake,/home/guilhermemathiasreis/Documents/synthetic-face-detection/training/dataset/fake/1362_stylegan3.jpg,/home/guilhermemathiasreis/Documents/synthetic-face-detection/training/dataset/fake/140_stylegan3.jpg,False
4154,6727,4,fake,fake,/home/guilhermemathiasreis/Documents/synthetic-face-detection/training/dataset/fake/1936_stylegan2.jpg,/home/guilhermemathiasreis/Documents/synthetic-face-detection/training/dataset/fake/713_stylegan3.jpg,False
4845,12962,3,fake,real,/home/guilhermemathiasreis/Documents/synthetic-face-detection/training/dataset/fake/290_sd_21.jpg,/home/guilhermemathiasreis/Documents/synthetic-face-detection/training/dataset/real/4243_ffhq.jpg,True
2323,3900,4,fake,fake,/home/guilhermemathiasreis/Documents/synthetic-face-detection/training/dataset/fake/1523_stylegan3.jpg,/home/guilhermemathiasreis/Documents/synthetic-face-detection/training/dataset/fake/187_sd_14.jpg,False
4089,14255,3,fake,real,/home/guilhermemathiasreis/Documents/synthetic-face-detection/training/dataset/fake/1921_sd_21.jpg,/home/guilhermemathiasreis/Documents/synthetic-face-detection/training/dataset/real/5300_ffhq.jpg,True
1107,1821,4,fake,fake,/home/guilhermemathiasreis/Documents/synthetic-face-detection/training/dataset/fake/124_stylegan3.jpg,/home/guilhermemathiasreis/Documents/synthetic-face-detection/training/dataset/fake/1410_sd_21.jpg,False
5882,15802,4,fake,real,/home/guilhermemathiasreis/Documents/synthetic-face-detection/training/dataset/fake/523_stylegan2.jpg,/home/guilhermemathiasreis/Documents/synthetic-face-detection/training/dataset/real/911_celebhq.jpg,True
3543,4089,3,fake,fake,/home/guilhermemathiasreis/Documents/synthetic-face-detection/training/dataset/fake/1799_stylegan3.jpg,/home/guilhermemathiasreis/Documents/synthetic-face-detection/training/dataset/fake/1921_sd_21.jpg,False
15180,15194,3,real,real,/home/guilhermemathiasreis/Documents/synthetic-face-detection/training/dataset/real/631_celebhq.jpg,/home/guilhermemathiasreis/Documents/synthetic-face-detection/training/dataset/real/638_celebhq.jpg,False
2977,10903,4,fake,real,/home/guilhermemathiasreis/Documents/synthetic-face-detection/training/dataset/fake/1671_sd_21.jpg,/home/guilhermemathiasreis/Documents/synthetic-face-detection/training/dataset/real/255_celebhq.jpg,True
1749,15824,4,fake,real,/home/guilhermemathiasreis/Documents/synthetic-face-detection/training/dataset/fake/1395_sd_21.jpg,/home/guilhermemathiasreis/Documents/synthetic-face-detection/training/dataset/real/921_celebhq.jpg,True
5695,10593,2,fake,real,/home/guilhermemathiasreis/Documents/synthetic-face-detection/training/dataset/fake/481_stylegan3.jpg,/home/guilhermemathiasreis/Documents/synthetic-face-detection/training/dataset/real/2304_ffhq.jpg,True
4070,15343,4,fake,real,/home/guilhermemathiasreis/Documents/synthetic-face-detection/training/dataset/fake/1917_stylegan2.jpg,/home/guilhermemathiasreis/Documents/synthetic-face-detection/training/dataset/real/704_ffhq.jpg,True
1200,6458,4,fake,fake,/home/guilhermemathiasreis/Documents/synthetic-face-detection/training/dataset/fake/1271_sd_14.jpg,/home/guilhermemathiasreis/Documents/synthetic-face-detection/training/dataset/fake/653_stylegan2.jpg,False
986,6690,3,fake,fake,/home/guilhermemathiasreis/Documents/synthetic-face-detection/training/dataset/fake/1222_stylegan2.jpg,/home/guilhermemathiasreis/Documents/synthetic-face-detection/training/dataset/fake/705_stylegan2.jpg,False
2939,7289,3,fake,fake,/home/guilhermemathiasreis/Documents/synthetic-face-detection/training/dataset/fake/1662_stylegan3.jpg,/home/guilhermemathiasreis/Documents/synthetic-face-detection/training/dataset/fake/840_sd_21.jpg,False
7289,15264,4,fake,real,/home/guilhermemathiasreis/Documents/synthetic-face-detection/training/dataset/fake/840_sd_21.jpg,/home/guilhermemathiasreis/Documents/synthetic-face-detection/training/dataset/real/66_celebhq.jpg,True
7022,11783,4,fake,real,/home/guilhermemathiasreis/Documents/synthetic-face-detection/training/dataset/fake/780_stylegan2.jpg,/home/guilhermemathiasreis/Documents/synthetic-face-detection/training/dataset/real/327_celebhq.jpg,True
3711,15420,3,fake,real,/home/guilhermemathiasreis/Documents/synthetic-face-detection/training/dataset/fake/1836_stylegan3.jpg,/home/guilhermemathiasreis/Documents/synthetic-face-detection/training/dataset/real/73_celebhq.jpg,True
1119,9240,3,fake,real,/home/guilhermemathiasreis/Documents/synthetic-face-detection/training/dataset/fake/1252_stylegan3.jpg,/home/guilhermemathiasreis/Documents/synthetic-face-detection/training/dataset/real/155_celebhq.jpg,True
8678,9224,2,real,real,/home/guilhermemathiasreis/Documents/synthetic-face-detection/training/dataset/real/1306_celebhq.jpg,/home/guilhermemathiasreis/Documents/synthetic-face-detection/training/dataset/real/1552_celebhq.jpg,False
4345,7941,4,fake,fake,/home/guilhermemathiasreis/Documents/synthetic-face-detection/training/dataset/fake/197_sd_21.jpg,/home/guilhermemathiasreis/Documents/synthetic-face-detection/training/dataset/fake/988_sd_21.jpg,False
6039,15898,4,fake,real,/home/guilhermemathiasreis/Documents/synthetic-face-detection/training/dataset/fake/559_stylegan3.jpg,/home/guilhermemathiasreis/Documents/synthetic-face-detection/training/dataset/real/955_celebhq.jpg,True
4403,15824,4,fake,real,/home/guilhermemathiasreis/Documents/synthetic-face-detection/training/dataset/fake/1992_stylegan3.jpg,/home/guilhermemathiasreis/Documents/synthetic-face-detection/training/dataset/real/921_celebhq.jpg,True
9970,15631,4,real,real,/home/guilhermemathiasreis/Documents/synthetic-face-detection/training/dataset/real/1889_celebhq.jpg,/home/guilhermemathiasreis/Documents/synthetic-face-detection/training/dataset/real/834_ffhq.jpg,False
4014,14555,3,fake,real,/home/guilhermemathiasreis/Documents/synthetic-face-detection/training/dataset/fake/1904_stylegan2.jpg,/home/guilhermemathiasreis/Documents/synthetic-face-detection/training/dataset/real/5548_ffhq.jpg,True
3882,4987,3,fake,fake,/home/guilhermemathiasreis/Documents/synthetic-face-detection/training/dataset/fake/1875_stylegan2.jpg,/home/guilhermemathiasreis/Documents/synthetic-face-detection/training/dataset/fake/321_stylegan3.jpg,False
9506,10695,2,real,real,/home/guilhermemathiasreis/Documents/synthetic-face-detection/training/dataset/real/167_celebhq.jpg,/home/guilhermemathiasreis/Documents/synthetic-face-detection/training/dataset/real/238_celebhq.jpg,False
4030,15944,4,fake,real,/home/guilhermemathiasreis/Documents/synthetic-face-detection/training/dataset/fake/1908_stylegan2.jpg,/home/guilhermemathiasreis/Documents/synthetic-face-detection/training/dataset/real/976_celebhq.jpg,True
1819,4014,3,fake,fake,/home/guilhermemathiasreis/Documents/synthetic-face-detection/training/dataset/fake/140_stylegan3.jpg,/home/guilhermemathiasreis/Documents/synthetic-face-detection/training/dataset/fake/1904_stylegan2.jpg,False
391,9546,4,fake,real,/home/guilhermemathiasreis/Documents/synthetic-face-detection/training/dataset/fake/1089_stylegan3.jpg,/home/guilhermemathiasreis/Documents/synthetic-face-detection/training/dataset/real/1698_celebhq.jpg,True
947,14746,4,fake,real,/home/guilhermemathiasreis/Documents/synthetic-face-detection/training/dataset/fake/1213_stylegan3.jpg,/home/guilhermemathiasreis/Documents/synthetic-face-detection/training/dataset/real/5703_ffhq.jpg,True
4347,10695,3,fake,real,/home/guilhermemathiasreis/Documents/synthetic-face-detection/training/dataset/fake/197_stylegan3.jpg,/home/guilhermemathiasreis/Documents/synthetic-face-detection/training/dataset/real/238_celebhq.jpg,True
2009,7065,3,fake,fake,/home/guilhermemathiasreis/Documents/synthetic-face-detection/training/dataset/fake/1453_sd_21.jpg,/home/guilhermemathiasreis/Documents/synthetic-face-detection/training/dataset/fake/790_sd_21.jpg,False
1107,3245,4,fake,fake,/home/guilhermemathiasreis/Documents/synthetic-face-detection/training/dataset/fake/124_stylegan3.jpg,/home/guilhermemathiasreis/Documents/synthetic-face-detection/training/dataset/fake/1731_sd_21.jpg,False
94,2475,4,fake,fake,/home/guilhermemathiasreis/Documents/synthetic-face-detection/training/dataset/fake/1021_stylegan2.jpg,/home/guilhermemathiasreis/Documents/synthetic-face-detection/training/dataset/fake/1558_stylegan3.jpg,False
4678,4966,4,fake,fake,/home/guilhermemathiasreis/Documents/synthetic-face-detection/training/dataset/fake/252_stylegan2.jpg,/home/guilhermemathiasreis/Documents/synthetic-face-detection/training/dataset/fake/317_stylegan2.jpg,False
5039,14555,4,fake,real,/home/guilhermemathiasreis/Documents/synthetic-face-detection/training/dataset/fake/333_stylegan3.jpg,/home/guilhermemathiasreis/Documents/synthetic-face-detection/training/dataset/real/5548_ffhq.jpg,True
2834,6571,4,fake,fake,/home/guilhermemathiasreis/Documents/synthetic-face-detection/training/dataset/fake/1639_stylegan2.jpg,/home/guilhermemathiasreis/Documents/synthetic-face-detection/training/dataset/fake/679_stylegan3.jpg,False
5141,10463,4,fake,real,/home/guilhermemathiasreis/Documents/synthetic-face-detection/training/dataset/fake/357_sd_21.jpg,/home/guilhermemathiasreis/Documents/synthetic-face-detection/training/dataset/real/219_celebhq.jpg,True
4603,15270,4,fake,real,/home/guilhermemathiasreis/Documents/synthetic-face-detection/training/dataset/fake/235_stylegan3.jpg,/home/guilhermemathiasreis/Documents/synthetic-face-detection/training/dataset/real/672_celebhq.jpg,True
2751,9947,4,fake,real,/home/guilhermemathiasreis/Documents/synthetic-face-detection/training/dataset/fake/161_stylegan3.jpg,/home/guilhermemathiasreis/Documents/synthetic-face-detection/training/dataset/real/1878_ffhq.jpg,True
4597,6973,4,fake,fake,/home/guilhermemathiasreis/Documents/synthetic-face-detection/training/dataset/fake/234_sd_21.jpg,/home/guilhermemathiasreis/Documents/synthetic-face-detection/training/dataset/fake/76_sd_21.jpg,False
786,6636,4,fake,fake,/home/guilhermemathiasreis/Documents/synthetic-face-detection/training/dataset/fake/1178_stylegan2.jpg,/home/guilhermemathiasreis/Documents/synthetic-face-detection/training/dataset/fake/694_sd_14.jpg,False
5281,8036,4,fake,real,/home/guilhermemathiasreis/Documents/synthetic-face-detection/training/dataset/fake/389_sd_21.jpg,/home/guilhermemathiasreis/Documents/synthetic-face-detection/training/dataset/real/1017_celebhq.jpg,True
2559,7289,3,fake,fake,/home/guilhermemathiasreis/Documents/synthetic-face-detection/training/dataset/fake/1577_stylegan3.jpg,/home/guilhermemathiasreis/Documents/synthetic-face-detection/training/dataset/fake/840_sd_21.jpg,False
6571,14681,4,fake,real,/home/guilhermemathiasreis/Documents/synthetic-face-detection/training/dataset/fake/679_stylegan3.jpg,/home/guilhermemathiasreis/Documents/synthetic-face-detection/training/dataset/real/5650_ffhq.jpg,True
202,5999,4,fake,fake,/home/guilhermemathiasreis/Documents/synthetic-face-detection/training/dataset/fake/1046_stylegan2.jpg,/home/guilhermemathiasreis/Documents/synthetic-face-detection/training/dataset/fake/54_stylegan3.jpg,False
6322,13473,4,fake,real,/home/guilhermemathiasreis/Documents/synthetic-face-detection/training/dataset/fake/622_stylegan2.jpg,/home/guilhermemathiasreis/Documents/synthetic-face-detection/training/dataset/real/4662_ffhq.jpg,True
1681,6935,4,fake,fake,/home/guilhermemathiasreis/Documents/synthetic-face-detection/training/dataset/fake/137_sd_21.jpg,/home/guilhermemathiasreis/Documents/synthetic-face-detection/training/dataset/fake/760_stylegan3.jpg,False
363,12394,4,fake,real,/home/guilhermemathiasreis/Documents/synthetic-face-detection/training/dataset/fake/1082_stylegan3.jpg,/home/guilhermemathiasreis/Documents/synthetic-face-detection/training/dataset/real/377_ffhq.jpg,True
7379,15174,4,fake,real,/home/guilhermemathiasreis/Documents/synthetic-face-detection/training/dataset/fake/860_stylegan3.jpg,/home/guilhermemathiasreis/Documents/synthetic-face-detection/training/dataset/real/629_celebhq.jpg,True
236,4014,4,fake,fake,/home/guilhermemathiasreis/Documents/synthetic-face-detection/training/dataset/fake/1054_sd_14.jpg,/home/guilhermemathiasreis/Documents/synthetic-face-detection/training/dataset/fake/1904_stylegan2.jpg,False
391,15174,2,fake,real,/home/guilhermemathiasreis/Documents/synthetic-face-detection/training/dataset/fake/1089_stylegan3.jpg,/home/guilhermemathiasreis/Documents/synthetic-face-detection/training/dataset/real/629_celebhq.jpg,True
482,15270,3,fake,real,/home/guilhermemathiasreis/Documents/synthetic-face-detection/training/dataset/fake/1109_stylegan2.jpg,/home/guilhermemathiasreis/Documents/synthetic-face-detection/training/dataset/real/672_celebhq.jpg,True
3113,10695,3,fake,real,/home/guilhermemathiasreis/Documents/synthetic-face-detection/training/dataset/fake/1701_sd_21.jpg,/home/guilhermemathiasreis/Documents/synthetic-face-detection/training/dataset/real/238_celebhq.jpg,True
2085,4455,4,fake,fake,/home/guilhermemathiasreis/Documents/synthetic-face-detection/training/dataset/fake/1470_sd_21.jpg,/home/guilhermemathiasreis/Documents/synthetic-face-detection/training/dataset/fake/201_stylegan3.jpg,False
6458,15343,4,fake,real,/home/guilhermemathiasreis/Documents/synthetic-face-detection/training/dataset/fake/653_stylegan2.jpg,/home/guilhermemathiasreis/Documents/synthetic-face-detection/training/dataset/real/704_ffhq.jpg,True
5,5673,4,fake,fake,/home/guilhermemathiasreis/Documents/synthetic-face-detection/training/dataset/fake/1001_sd_21.jpg,/home/guilhermemathiasreis/Documents/synthetic-face-detection/training/dataset/fake/477_sd_21.jpg,False
1934,15483,4,fake,real,/home/guilhermemathiasreis/Documents/synthetic-face-detection/training/dataset/fake/1436_stylegan2.jpg,/home/guilhermemathiasreis/Documents/synthetic-face-detection/training/dataset/real/768_ffhq.jpg,True
8130,14255,3,real,real,/home/guilhermemathiasreis/Documents/synthetic-face-detection/training/dataset/real/105_celebhq.jpg,/home/guilhermemathiasreis/Documents/synthetic-face-detection/training/dataset/real/5300_ffhq.jpg,False
4450,9328,4,fake,real,/home/guilhermemathiasreis/Documents/synthetic-face-detection/training/dataset/fake/200_stylegan2.jpg,/home/guilhermemathiasreis/Documents/synthetic-face-detection/training/dataset/real/159_celebhq.jpg,True
2787,15343,3,fake,real,/home/guilhermemathiasreis/Documents/synthetic-face-detection/training/dataset/fake/1628_stylegan3.jpg,/home/guilhermemathiasreis/Documents/synthetic-face-detection/training/dataset/real/704_ffhq.jpg,True
5530,15173,4,fake,real,/home/guilhermemathiasreis/Documents/synthetic-face-detection/training/dataset/fake/444_stylegan2.jpg,/home/guilhermemathiasreis/Documents/synthetic-face-detection/training/dataset/real/628_ffhq.jpg,True
1577,6458,4,fake,fake,/home/guilhermemathiasreis/Documents/synthetic-face-detection/training/dataset/fake/1356_sd_21.jpg,/home/guilhermemathiasreis/Documents/synthetic-face-detection/training/dataset/fake/653_stylegan2.jpg,False
4347,13770,4,fake,real,/home/guilhermemathiasreis/Documents/synthetic-face-detection/training/dataset/fake/197_stylegan3.jpg,/home/guilhermemathiasreis/Documents/synthetic-face-detection/training/dataset/real/4905_ffhq.jpg,True
2787,3113,3,fake,fake,/home/guilhermemathiasreis/Documents/synthetic-face-detection/training/dataset/fake/1628_stylegan3.jpg,/home/guilhermemathiasreis/Documents/synthetic-face-detection/training/dataset/fake/1701_sd_21.jpg,False
6218,6458,3,fake,fake,/home/guilhermemathiasreis/Documents/synthetic-face-detection/training/dataset/fake/59_stylegan2.jpg,/home/guilhermemathiasreis/Documents/synthetic-face-detection/training/dataset/fake/653_stylegan2.jpg,False
14555,14681,4,real,real,/home/guilhermemathiasreis/Documents/synthetic-face-detection/training/dataset/real/5548_ffhq.jpg,/home/guilhermemathiasreis/Documents/synthetic-face-detection/training/dataset/real/5650_ffhq.jpg,False
1326,15174,4,fake,real,/home/guilhermemathiasreis/Documents/synthetic-face-detection/training/dataset/fake/129_stylegan2.jpg,/home/guilhermemathiasreis/Documents/synthetic-face-detection/training/dataset/real/629_celebhq.jpg,True
